job_number,job_type,job_description,bldg_type,occ_init,occ_prop,occ_category,stories_init,stories_prop,zoningsft_init,zoningsft_prop,units_init,units_prop,units_net,units_complete,units_incomplete,co_earliest_effectivedate,co_latest_effectivedate,co_latest_certtype,co_latest_units,status,status_date,status_a,status_d,status_p,status_q,status_r,status_x,address_house,address_street,address,bin,bbl,boro,geo_address_house,geo_address_street,geo_address,geo_bin,geo_bbl,geo_boro,geo_cd,geo_ntacode2010,geo_censusblock2010,geo_csd,x_dcpedited,x_mixeduse,x_inactive,x_outlier,x_geomsource,x_reason,latitude,longitude,geom
421573390,New Building,PROPOSED NEW 2-FAMILY DWELLING,1-2-3 FAMILY,Empty Lot,Residential: 1 & 2 Family,Residential,0,2,0,2280,0,2,2,0,,,,,,In progress (last plan disapproved),03/27/2018 12:00:00 AM,03/21/2018,03/21/2018,,,,,62-16,HILLMEYER ROAD,62-16 HILLMEYER ROAD,4617828,4160050107,Queens,,,,,,,,,,,,,false,,,,,,
210177896,New Building,PROPOSED A 7 STORY BUILDING WITH CELLAR.,OTHERS,Empty Lot,Residential: Multi-Family,Residential,0,7,0,35450,0,55,55,0,,,,,,In progress,09/17/2018 12:00:00 AM,03/06/2018,03/10/2018,,,,,3258,PARKSIDE PLACE,3258 PARKSIDE PLACE,2129092,2033550063,Bronx,,,,,,,,,,,,,false,,,,,,
520102326,New Building,ONE FAMILY DWELLING WITH TWO OFF-STREET PARKING SPACES.,1-2-3 FAMILY,Empty Lot,Residential: 1 & 2 Family,Residential,0,3,0,2835,0,1,1,0,,,,,,Filed,06/26/2012 12:00:00 AM,06/26/2012,06/26/2012,,,,,18,PAVILION HILL TERRACE,18 PAVILION HILL TERRACE,5158852,5005690285,Staten Island,,,,,,,,,,,,,true,,,,,,
520104379,New Building,ONE FAMILY DWELLING WITH TWO OFF-STREET PARKING SPACES,1-2-3 FAMILY,Empty Lot,Residential: 1 & 2 Family,Residential,0,3,0,2835,0,1,1,0,,,,,,In progress (last plan disapproved),06/28/2012 12:00:00 AM,06/27/2012,06/27/2012,,,,,18,PAVILION HILL TERRACE,18 PAVILION HILL TERRACE,5158852,5005690285,Staten Island,,,,,,,,,,,,,true,,,,,,
520218755,New Building,"CONSTRUCT CELLAR AND TWO STORIES, ONE FAMILY WOOD FRAME RESIDENCE",1-2-3 FAMILY,Empty Lot,Residential: 1 & 2 Family,Residential,0,2,0,1667,0,1,1,0,,,,,,In progress,05/18/2015 12:00:00 AM,03/20/2015,03/20/2015,05/18/2015,,,,46,MCGEE LANE,46 MCGEE LANE,5164101,5012260101,Staten Island,,,,,,,,,,,,,false,,,,,,
520218728,New Building,"CONSTRUCT CELLAR AND TWO STORIES, ONE FAMILY WOOD FRAME RESIDENCE",1-2-3 FAMILY,Empty Lot,Residential: 1 & 2 Family,Residential,0,2,0,1667,0,1,1,0,,,,,,In progress,05/18/2015 12:00:00 AM,03/20/2015,03/20/2015,05/18/2015,,,,52,MCGEE LANE,52 MCGEE LANE,5164104,5012260104,Staten Island,,,,,,,,,,,,,false,,,,,,
520267210,New Building,"THIS NEW BUILDING APPLICATION IS FILED FOR BSA DENIAL PROCESSING ONLY 'PROPOSED DWELLING WHICH DOES NOT FRONT ON A LEGALLY MAPPED STREET IS CONTRARY TO ARTICLE III, SECTION 36 OF THE GENERAL CITY LAW'  PROPOSED TO CONSTRUCT ONE FAMILY ATTACHED THREE STORY RESIDENCE WITH BUILT IN TWO CAR GARAGE.",1-2-3 FAMILY,Empty Lot,Residential: 1 & 2 Family,Residential,0,3,0,40377,0,1,1,0,,,,,,In progress,10/28/2016 12:00:00 AM,10/18/2016,10/18/2016,,,,,237,AVIDITA PLACE,237 AVIDITA PLACE,5166775,5030190416,Staten Island,,,,,,,,,,,,,false,,,,,,
520267201,New Building,"THIS NEW BUILDING APPLICATION IS FILED FOR BSA DENIAL PROCESSING ONLY 'PROPOSED DWELLING WHICH DOES NOT FRONT ON A LEGALLY MAPPED STREET IS CONTRARY TO ARTICLE III, SECTION 36 OF THE GENERAL CITY LAW'  PROPOSED TO CONSTRUCT ONE FAMILY ATTACHED THREE STORY RESIDENCE WITH BUILT IN TWO CAR GARAGE.",1-2-3 FAMILY,Empty Lot,Residential: 1 & 2 Family,Residential,0,3,0,40377,0,1,1,0,,,,,,In progress,10/28/2016 12:00:00 AM,10/18/2016,10/18/2016,,,,,235,AVIDITA PLACE,235 AVIDITA PLACE,5166763,5030190415,Staten Island,,,,,,,,,,,,,false,,,,,,
520267265,New Building,"THIS NEW BUILDING APPLICATION IS FILED FOR BSA DENIAL PROCESSING ONLY 'PROPOSED DWELLING WHICH DOES NOT FRONT ON A LEGALLY MAPPED STREET IS CONTRARY TO ARTICLE III, SECTION 36 OF THE GENERAL CITY LAW'  PROPOSED TO CONSTRUCT ONE FAMILY ATTACHED THREE STORY RESIDENCE WITH BUILT IN TWO CAR GARAGE.",1-2-3 FAMILY,Empty Lot,Residential: 1 & 2 Family,Residential,0,3,0,40377,0,1,1,0,,,,,,In progress,10/28/2016 12:00:00 AM,10/18/2016,10/19/2016,,,,,249,AVIDITA PLACE,249 AVIDITA PLACE,5166780,5030190421,Staten Island,,,,,,,,,,,,,false,,,,,,
520267256,New Building,"THIS NEW BUILDING APPLICATION IS FILED FOR BSA DENIAL PROCESSING ONLY 'PROPOSED DWELLING WHICH DOES NOT FRONT ON A LEGALLY MAPPED STREET IS CONTRARY TO ARTICLE III, SECTION 36 OF THE GENERAL CITY LAW'  PROPOSED TO CONSTRUCT ONE FAMILY ATTACHED THREE STORY RESIDENCE WITH BUILT IN TWO CAR GARAGE.",1-2-3 FAMILY,Empty Lot,Residential: 1 & 2 Family,Residential,0,3,0,40377,0,1,1,0,,,,,,In progress,10/28/2016 12:00:00 AM,10/18/2016,10/18/2016,,,,,247,AVIDITA PLACE,247 AVIDITA PLACE,5166779,5030190420,Staten Island,,,,,,,,,,,,,false,,,,,,
520267443,New Building,"THIS NEW BUILDING APPLICATION IS FILED FOR BSA DENIAL PROCESSING ONLY 'PROPOSED DWELLING WHICH DOES NOT FRONT ON A LEGALLY MAPPED STREET IS CONTRARY TO ARTICLE III, SECTION 36 OF THE GENERAL CITY LAW'   PROPOSED TO CONSTRUCT ONE FAMILY SEMI-ATTACHED TWO STORY RESIDENCE WITH ACCESSORY OFF STREET PARKING FOR TWO CARS.",1-2-3 FAMILY,Empty Lot,Residential: 1 & 2 Family,Residential,0,2,0,40377,0,1,1,0,,,,,,In progress,10/28/2016 12:00:00 AM,10/20/2016,10/20/2016,,,,,392,FOURBERIE LANE,392 FOURBERIE LANE,5166831,5030190439,Staten Island,,,,,,,,,,,,,false,,,,,,
520267577,New Building,"THIS NEW BUILDING APPLICATION IS FILED FOR BSA DENIAL PROCESSING ONLY 'PROPOSED DWELLING WHICH DOES NOT FRONT ON A LEGALLY MAPPED STREET IS CONTRARY TO ARTICLE III, SECTION 36 OF THE GENERAL CITY LAW'  PROPOSED TO CONSTRUCT ONE FAMILY ATTACHED THREE STORY RESIDENCE WITH BUILT IN TWO CAR GARAGE.",1-2-3 FAMILY,Empty Lot,Residential: 1 & 2 Family,Residential,0,3,0,40377,0,1,1,0,,,,,,In progress,10/28/2016 12:00:00 AM,10/21/2016,10/21/2016,,,,,362,FOURBERIE LANE,362 FOURBERIE LANE,5166829,5030190452,Staten Island,,,,,,,,,,,,,false,,,,,,
520267586,New Building,"THIS NEW BUILDING APPLICATION IS FILED FOR BSA DENIAL PROCESSING ONLY 'PROPOSED DWELLING WHICH DOES NOT FRONT ON A LEGALLY MAPPED STREET IS CONTRARY TO ARTICLE III, SECTION 36 OF THE GENERAL CITY LAW'   PROPOSED TO CONSTRUCT ONE FAMILY SEMI-ATTACHED TWO STORY RESIDENCE WITH ACCESSORY OFF STREET PARKING FOR TWO CARS.",1-2-3 FAMILY,Empty Lot,Residential: 1 & 2 Family,Residential,0,2,0,40377,0,1,1,0,,,,,,In progress,10/28/2016 12:00:00 AM,10/21/2016,10/21/2016,,,,,360,FOURBERIE LANE,360 FOURBERIE LANE,5166828,5030190453,Staten Island,,,,,,,,,,,,,false,,,,,,
520267041,New Building,"THIS NEW BUILDING APPLICATION IS FILED FOR BSA DENIAL PROCESSING ONLY 'PROPOSED DWELLING WHICH DOES NOT FRONT ON A LEGALLY MAPPED STREET IS CONTRARY TO ARTICLE III, SECTION 36 OF THE GENERAL CITY LAW'  PROPOSED TO CONSTRUCT ONE FAMILY ATTACHED THREE STORY RESIDENCE WITH BUILT IN TWO CAR GARAGE.",1-2-3 FAMILY,Empty Lot,Residential: 1 & 2 Family,Residential,0,3,0,40377,0,1,1,0,,,,,,In progress,11/10/2016 12:00:00 AM,11/03/2016,11/03/2016,,,,,303,FOURBERIE LANE,303 FOURBERIE LANE,5166903,5030190268,Staten Island,,,,,,,,,,,,,false,,,,,,
520267032,New Building,"THIS NEW BUILDING APPLICATION IS FILED FOR BSA DENIAL PROCESSING ONLY 'PROPOSED DWELLING WHICH DOES NOT FRONT ON A LEGALLY MAPPED STREET IS CONTRARY TO ARTICLE III, SECTION 36 OF THE GENERAL CITY LAW'  PROPOSED TO CONSTRUCT ONE FAMILY ATTACHED THREE STORY RESIDENCE WITH BUILT IN TWO CAR GARAGE.",1-2-3 FAMILY,Empty Lot,Residential: 1 & 2 Family,Residential,0,3,0,40377,0,1,1,0,,,,,,In progress,11/10/2016 12:00:00 AM,11/03/2016,11/03/2016,,,,,305,FOURBERIE LANE,305 FOURBERIE LANE,5166904,5030190267,Staten Island,,,,,,,,,,,,,false,,,,,,
520266818,New Building,"THIS NEW BUILDING APPLICATION IS FILED FOR BSA DENIAL PROCESSING ONLY 'PROPOSED DWELLING WHICH DOES NOT FRONT ON A LEGALLY MAPPED STREET IS CONTRARY TO ARTICLE III, SECTION 36 OF THE GENERAL CITY LAW'   PROPOSED TO CONSTRUCT ONE FAMILY SEMI-ATTACHED TWO STORY RESIDENCE WITH ACCESSORY OFF STREET PARKING FOR TWO CARS.",1-2-3 FAMILY,Empty Lot,Residential: 1 & 2 Family,Residential,0,2,0,40377,0,1,1,0,,,,,,In progress,11/14/2016 12:00:00 AM,11/07/2016,11/07/2016,,,,,367,FOURBERIE LANE,367 FOURBERIE LANE,5166882,5030190241,Staten Island,,,,,,,,,,,,,false,,,,,,
520266890,New Building,"THIS NEW BUILDING APPLICATION IS FILED FOR BSA DENIAL PROCESSING ONLY 'PROPOSED DWELLING WHICH DOES NOT FRONT ON A LEGALLY MAPPED STREET IS CONTRARY TO ARTICLE III, SECTION 36 OF THE GENERAL CITY LAW'  PROPOSED TO CONSTRUCT ONE FAMILY ATTACHED THREE STORY RESIDENCE WITH BUILT IN TWO CAR GARAGE.",1-2-3 FAMILY,Empty Lot,Residential: 1 & 2 Family,Residential,0,3,0,40377,0,1,1,0,,,,,,In progress,11/10/2016 12:00:00 AM,11/07/2016,11/07/2016,,,,,341,FOURBERIE LANE,341 FOURBERIE LANE,5166897,5030190253,Staten Island,,,,,,,,,,,,,false,,,,,,
520266578,New Building,"THIS NEW BUILDING APPLICATION IS FILED FOR BSA DENIAL PROCESSING ONLY 'PROPOSED DWELLING WHICH DOES NOT FRONT ON A LEGALLY MAPPED STREET IS CONTRARY TO ARTICLE III, SECTION 36 OF THE GENERAL CITY LAW'  PROPOSED TO CONSTRUCT ONE FAMILY ATTACHED THREE STORY RESIDENCE WITH BUILT IN TWO CAR GARAGE.",1-2-3 FAMILY,Empty Lot,Residential: 1 & 2 Family,Residential,0,3,0,40377,0,1,1,0,,,,,,In progress,11/16/2016 12:00:00 AM,11/10/2016,11/10/2016,,,,,435,FOURBERIE LANE,435 FOURBERIE LANE,5166805,5030190217,Staten Island,,,,,,,,,,,,,false,,,,,,
520266621,New Building,"THIS NEW BUILDING APPLICATION IS FILED FOR BSA DENIAL PROCESSING ONLY 'PROPOSED DWELLING WHICH DOES NOT FRONT ON A LEGALLY MAPPED STREET IS CONTRARY TO ARTICLE III, SECTION 36 OF THE GENERAL CITY LAW'  PROPOSED TO CONSTRUCT ONE FAMILY ATTACHED THREE STORY RESIDENCE WITH BUILT IN TWO CAR GARAGE.",1-2-3 FAMILY,Empty Lot,Residential: 1 & 2 Family,Residential,0,3,0,40377,0,1,1,0,,,,,,In progress,11/16/2016 12:00:00 AM,11/10/2016,11/10/2016,,,,,417,FOURBERIE LANE,417 FOURBERIE LANE,5166861,5030190222,Staten Island,,,,,,,,,,,,,false,,,,,,
520266630,New Building,"THIS NEW BUILDING APPLICATION IS FILED FOR BSA DENIAL PROCESSING ONLY 'PROPOSED DWELLING WHICH DOES NOT FRONT ON A LEGALLY MAPPED STREET IS CONTRARY TO ARTICLE III, SECTION 36 OF THE GENERAL CITY LAW'  PROPOSED TO CONSTRUCT ONE FAMILY ATTACHED THREE STORY RESIDENCE WITH BUILT IN TWO CAR GARAGE.",1-2-3 FAMILY,Empty Lot,Residential: 1 & 2 Family,Residential,0,3,0,40377,0,1,1,0,,,,,,In progress,11/16/2016 12:00:00 AM,11/10/2016,11/10/2016,,,,,415,FOURBERIE LANE,415 FOURBERIE LANE,5166860,5030190223,Staten Island,,,,,,,,,,,,,false,,,,,,
520099438,New Building,"CONSTRUCT CELLAR AND TWO STORY, ONE FAMILY RESIDENCE.",1-2-3 FAMILY,Empty Lot,Residential: 1 & 2 Family,Residential,0,2,0,1451,0,1,1,0,,,,,,In progress,05/18/2015 12:00:00 AM,05/14/2012,05/14/2012,05/18/2015,,,,41,MCGEE LANE,41 MCGEE LANE,5158798,5012260111,Staten Island,,,,,,,,,,,,,false,,,,,,
520099367,New Building,CONSTRUCT CELLAR AND TWO STORY FAMILY WOOD FRAME RESIDENCE.,1-2-3 FAMILY,Empty Lot,Residential: 1 & 2 Family,Residential,0,2,0,1502,0,1,1,0,,,,,,In progress,05/12/2015 12:00:00 AM,05/14/2012,05/14/2012,05/12/2015,,,,27,MCGEE LANE,27 MCGEE LANE,5158790,5012260118,Staten Island,,,,,,,,,,,,,false,,,,,,
520099376,New Building,"CONSTRUCT CELLAR AND TWO STORY, ONE FAMILY WOOD FRAME RESIDENCE.",1-2-3 FAMILY,Empty Lot,Residential: 1 & 2 Family,Residential,0,2,0,1502,0,1,1,0,,,,,,In progress,05/12/2015 12:00:00 AM,05/14/2012,05/14/2012,05/12/2015,,,,29,MCGEE LANE,29 MCGEE LANE,5158792,5012260117,Staten Island,,,,,,,,,,,,,false,,,,,,
520218764,New Building,"CONSTRUCT CELLAR AND TWO STORIES, TWO FAMILY WOOD FRAME RESIDENCE",1-2-3 FAMILY,Empty Lot,Residential: 1 & 2 Family,Residential,0,2,0,2628,0,2,2,0,,,,,,In progress,05/01/2015 12:00:00 AM,03/20/2015,03/20/2015,05/01/2015,,,,38,MCGEE LANE,38 MCGEE LANE,5164100,5012260085,Staten Island,,,,,,,,,,,,,false,,,,,,
520267229,New Building,"THIS NEW BUILDING APPLICATION IS FILED FOR BSA DENIAL PROCESSING ONLY 'PROPOSED DWELLING WHICH DOES NOT FRONT ON A LEGALLY MAPPED STREET IS CONTRARY TO ARTICLE III, SECTION 36 OF THE GENERAL CITY LAW'  PROPOSED TO CONSTRUCT ONE FAMILY ATTACHED THREE STORY RESIDENCE WITH BUILT IN TWO CAR GARAGE.",1-2-3 FAMILY,Empty Lot,Residential: 1 & 2 Family,Residential,0,3,0,40377,0,1,1,0,,,,,,In progress,10/28/2016 12:00:00 AM,10/18/2016,10/18/2016,,,,,239,AVIDITA PLACE,239 AVIDITA PLACE,5166776,5030190417,Staten Island,,,,,,,,,,,,,false,,,,,,
520267336,New Building,"THIS NEW BUILDING APPLICATION IS FILED FOR BSA DENIAL PROCESSING ONLY 'PROPOSED DWELLING WHICH DOES NOT FRONT ON A LEGALLY MAPPED STREET IS CONTRARY TO ARTICLE III, SECTION 36 OF THE GENERAL CITY LAW'  PROPOSED TO CONSTRUCT ONE FAMILY ATTACHED THREE STORY RESIDENCE WITH BUILT IN TWO CAR GARAGE.",1-2-3 FAMILY,Empty Lot,Residential: 1 & 2 Family,Residential,0,3,0,40377,0,1,1,0,,,,,,In progress,10/28/2016 12:00:00 AM,10/18/2016,10/18/2016,,,,,265,AVIDITA PLACE,265 AVIDITA PLACE,5166765,5030190428,Staten Island,,,,,,,,,,,,,false,,,,,,
520267498,New Building,"THIS NEW BUILDING APPLICATION IS FILED FOR BSA DENIAL PROCESSING ONLY 'PROPOSED DWELLING WHICH DOES NOT FRONT ON A LEGALLY MAPPED STREET IS CONTRARY TO ARTICLE III, SECTION 36 OF THE GENERAL CITY LAW'  PROPOSED TO CONSTRUCT ONE FAMILY ATTACHED THREE STORY RESIDENCE WITH BUILT IN TWO CAR GARAGE.",1-2-3 FAMILY,Empty Lot,Residential: 1 & 2 Family,Residential,0,3,0,40377,0,1,1,0,,,,,,In progress,10/28/2016 12:00:00 AM,10/21/2016,10/21/2016,,,,,380,FOURBERIE LANE,380 FOURBERIE LANE,5166839,5030190444,Staten Island,,,,,,,,,,,,,false,,,,,,
421572890,New Building,PROPOSED NEW 2-FAMILY DWELLING,1-2-3 FAMILY,Empty Lot,Residential: 1 & 2 Family,Residential,0,2,0,2280,0,2,2,0,,,,,,In progress (last plan disapproved),03/27/2018 12:00:00 AM,03/21/2018,03/21/2018,,,,,62-20,HILLMEYER ROAD,62-20 HILLMEYER ROAD,4617829,4160050106,Queens,,,,,,,,,,,,,false,,,,,,
421573363,New Building,PROPOSED NEW 2-FAMILY DWELLING,1-2-3 FAMILY,Empty Lot,Residential: 1 & 2 Family,Residential,0,2,0,2280,0,2,2,0,,,,,,In progress (last plan disapproved),03/27/2018 12:00:00 AM,03/21/2018,03/21/2018,,,,,62-34,HILLMEYER ROAD,62-34 HILLMEYER ROAD,4617834,4160050101,Queens,,,,,,,,,,,,,false,,,,,,
166001357,Demolition,LEGALIZATION OF HAND DEMOLITION OF RESIDENTIAL 1 FAMILY HOUSE.,1-2-3 FAMILY,Residential: 1 & 2 Family,Empty Lot,Residential,1,0,0,0,1,0,-1,0,,,,,,Filed,03/13/2018 12:00:00 AM,03/13/2018,,,,,,1,BISTEST ST,1 BISTEST ST,1813361,1000010001,Manhattan,,,,,,,,,,,,,false,,,,,,
320176563,Demolition,DEMOLISH BUILDING,OTHERS,Residential: Multi-Family,Empty Lot,Residential,8,0,0,0,31,0,-31,-31,0,,,,,Complete (demolition),11/22/2010 12:00:00 AM,06/17/2010,06/17/2010,06/17/2010,2010-09-16,09/16/2010,11/22/2010,636,PACIFIC STREET,636 PACIFIC STREET,3027594,3011277502,Brooklyn,,,,,,,,,,,,,false,true,,,,,
220106944,Demolition,THIS APPLICATION IS FILED FOR HOUSE FULL DEMOLITION.,1-2-3 FAMILY,Residential: 1 & 2 Family,Empty Lot,Residential,1,0,0,0,1,0,-1,-1,0,,,,,Complete (demolition),08/04/2011 12:00:00 AM,03/07/2011,03/08/2011,03/08/2011,2011-04-26,04/26/2011,08/04/2011,4,TEDDY PLACE,4 TEDDY PLACE,2830395,2054060145,Bronx,,,,,,,,,,,,,false,,,,,,
520267381,New Building,"THIS NEW BUILDING APPLICATION IS FILED FOR BSA DENIAL PROCESSING ONLY 'PROPOSED DWELLING WHICH DOES NOT FRONT ON A LEGALLY MAPPED STREET IS CONTRARY TO ARTICLE III, SECTION 36 OF THE GENERAL CITY LAW'  PROPOSED TO CONSTRUCT ONE FAMILY SEMI-ATTACHED THREE STORY RESIDENCE WITH BUILT IN TWO CAR GARAGE.",1-2-3 FAMILY,Empty Lot,Residential: 1 & 2 Family,Residential,0,3,0,40377,0,1,1,0,,,,,,In progress,10/28/2016 12:00:00 AM,10/20/2016,10/20/2016,,,,,406,FOURBERIE LANE,406 FOURBERIE LANE,5166837,5030190433,Staten Island,,,,,,,,,,,,,false,,,,,,
520267390,New Building,"THIS NEW BUILDING APPLICATION IS FILED FOR BSA DENIAL PROCESSING ONLY 'PROPOSED DWELLING WHICH DOES NOT FRONT ON A LEGALLY MAPPED STREET IS CONTRARY TO ARTICLE III, SECTION 36 OF THE GENERAL CITY LAW'  PROPOSED TO CONSTRUCT ONE FAMILY ATTACHED THREE STORY RESIDENCE WITH BUILT IN TWO CAR GARAGE.",1-2-3 FAMILY,Empty Lot,Residential: 1 & 2 Family,Residential,0,3,0,40377,0,1,1,0,,,,,,In progress,10/28/2016 12:00:00 AM,10/20/2016,10/20/2016,,,,,402,FOURBERIE LANE,402 FOURBERIE LANE,5166836,5030190434,Staten Island,,,,,,,,,,,,,false,,,,,,
195000008,Alteration,TESTING,OTHERS,Residential: 1 & 2 Family,Residential: 1 & 2 Family,Residential,2,2,123,123,1,1,0,0,,,,,,Filed,05/09/2017 12:00:00 AM,05/09/2017,05/09/2017,,,,,1,BISTEST STREET,1 BISTEST STREET,1813361,1000010001,Manhattan,,,,,,,,,,,,,false,,,,,,
520266676,New Building,"THIS NEW BUILDING APPLICATION IS FILED FOR BSA DENIAL PROCESSING ONLY 'PROPOSED DWELLING WHICH DOES NOT FRONT ON A LEGALLY MAPPED STREET IS CONTRARY TO ARTICLE III, SECTION 36 OF THE GENERAL CITY LAW'   PROPOSED TO CONSTRUCT ONE FAMILY SEMI-ATTACHED TWO STORY RESIDENCE WITH ACCESSORY OFF STREET PARKING FOR TWO CARS.",1-2-3 FAMILY,Empty Lot,Residential: 1 & 2 Family,Residential,0,2,0,40377,0,1,1,0,,,,,,In progress,11/14/2016 12:00:00 AM,11/09/2016,11/09/2016,,,,,401,FOURBERIE LANE,401 FOURBERIE LANE,5166872,5030190227,Staten Island,,,,,,,,,,,,,false,,,,,,
520266596,New Building,"THIS NEW BUILDING APPLICATION IS FILED FOR BSA DENIAL PROCESSING ONLY 'PROPOSED DWELLING WHICH DOES NOT FRONT ON A LEGALLY MAPPED STREET IS CONTRARY TO ARTICLE III, SECTION 36 OF THE GENERAL CITY LAW'  PROPOSED TO CONSTRUCT ONE FAMILY SEMI-ATTACHED THREE STORY RESIDENCE WITH BUILT IN TWO CAR GARAGE.",1-2-3 FAMILY,Empty Lot,Residential: 1 & 2 Family,Residential,0,3,0,40377,0,1,1,0,,,,,,In progress,11/16/2016 12:00:00 AM,11/10/2016,11/10/2016,,,,,431,FOURBERIE LANE,431 FOURBERIE LANE,5166803,5030190219,Staten Island,,,,,,,,,,,,,false,,,,,,
520099447,New Building,"CONSTRUCT CELLAR AND TWO STORY, ONE FAMILY WOOD FRAME RESIDENCE.",1-2-3 FAMILY,Empty Lot,Residential: 1 & 2 Family,Residential,0,2,0,1343,0,1,1,0,,,,,,In progress,05/18/2015 12:00:00 AM,05/14/2012,05/14/2012,05/18/2015,,,,43,MCGEE LANE,43 MCGEE LANE,5158804,5012260110,Staten Island,,,,,,,,,,,,,false,,,,,,
520099385,New Building,"CONSTRUCT CELLAR AND TWO STORY, ONE FAMILY WOOD FRAME RESIDENCE.",1-2-3 FAMILY,Empty Lot,Residential: 1 & 2 Family,Residential,0,2,0,1502,0,1,1,0,,,,,,In progress,05/12/2015 12:00:00 AM,05/14/2012,05/14/2012,05/12/2015,,,,31,MCGEE LANE,31 MCGEE LANE,5158793,5012260116,Staten Island,,,,,,,,,,,,,false,,,,,,
520267309,New Building,"THIS NEW BUILDING APPLICATION IS FILED FOR BSA DENIAL PROCESSING ONLY 'PROPOSED DWELLING WHICH DOES NOT FRONT ON A LEGALLY MAPPED STREET IS CONTRARY TO ARTICLE III, SECTION 36 OF THE GENERAL CITY LAW'   PROPOSED TO CONSTRUCT ONE FAMILY SEMI-ATTACHED TWO STORY RESIDENCE WITH ACCESSORY OFF STREET PARKING FOR TWO CARS.",1-2-3 FAMILY,Empty Lot,Residential: 1 & 2 Family,Residential,0,2,0,40377,0,1,1,0,,,,,,In progress,10/28/2016 12:00:00 AM,10/18/2016,10/18/2016,,,,,257,AVIDITA PLACE,257 AVIDITA PLACE,5166773,5030190425,Staten Island,,,,,,,,,,,,,false,,,,,,
520267363,New Building,"THIS NEW BUILDING APPLICATION IS FILED FOR BSA DENIAL PROCESSING ONLY 'PROPOSED DWELLING WHICH DOES NOT FRONT ON A LEGALLY MAPPED STREET IS CONTRARY TO ARTICLE III, SECTION 36 OF THE GENERAL CITY LAW'  PROPOSED TO CONSTRUCT ONE FAMILY ATTACHED THREE STORY RESIDENCE WITH BUILT IN TWO CAR GARAGE.",1-2-3 FAMILY,Empty Lot,Residential: 1 & 2 Family,Residential,0,3,0,40377,0,1,1,0,,,,,,In progress,10/28/2016 12:00:00 AM,10/18/2016,10/18/2016,,,,,271,AVIDITA PLACE,271 AVIDITA PLACE,5166768,5030190431,Staten Island,,,,,,,,,,,,,false,,,,,,
520266970,New Building,"THIS NEW BUILDING APPLICATION IS FILED FOR BSA DENIAL PROCESSING ONLY 'PROPOSED DWELLING WHICH DOES NOT FRONT ON A LEGALLY MAPPED STREET IS CONTRARY TO ARTICLE III, SECTION 36 OF THE GENERAL CITY LAW'  PROPOSED TO CONSTRUCT ONE FAMILY ATTACHED THREE STORY RESIDENCE WITH BUILT IN TWO CAR GARAGE.",1-2-3 FAMILY,Empty Lot,Residential: 1 & 2 Family,Residential,0,3,0,40377,0,1,1,0,,,,,,In progress,11/10/2016 12:00:00 AM,11/03/2016,11/03/2016,,,,,323,FOURBERIE LANE,323 FOURBERIE LANE,5166910,5030190261,Staten Island,,,,,,,,,,,,,false,,,,,,
520266907,New Building,"THIS NEW BUILDING APPLICATION IS FILED FOR BSA DENIAL PROCESSING ONLY 'PROPOSED DWELLING WHICH DOES NOT FRONT ON A LEGALLY MAPPED STREET IS CONTRARY TO ARTICLE III, SECTION 36 OF THE GENERAL CITY LAW'  PROPOSED TO CONSTRUCT ONE FAMILY ATTACHED THREE STORY RESIDENCE WITH BUILT IN TWO CAR GARAGE.",1-2-3 FAMILY,Empty Lot,Residential: 1 & 2 Family,Residential,0,3,0,40377,0,1,1,0,,,,,,In progress,11/10/2016 12:00:00 AM,11/07/2016,11/07/2016,,,,,339,FOURBERIE LANE,339 FOURBERIE LANE,5166898,5030190254,Staten Island,,,,,,,,,,,,,false,,,,,,
520266792,New Building,"THIS NEW BUILDING APPLICATION IS FILED FOR BSA DENIAL PROCESSING ONLY 'PROPOSED DWELLING WHICH DOES NOT FRONT ON A LEGALLY MAPPED STREET IS CONTRARY TO ARTICLE III, SECTION 36 OF THE GENERAL CITY LAW'  PROPOSED TO CONSTRUCT ONE FAMILY ATTACHED THREE STORY RESIDENCE WITH BUILT IN TWO CAR GARAGE.",1-2-3 FAMILY,Empty Lot,Residential: 1 & 2 Family,Residential,0,3,0,40377,0,1,1,0,,,,,,In progress,11/14/2016 12:00:00 AM,11/09/2016,11/09/2016,,,,,373,FOURBERIE LANE,373 FOURBERIE LANE,5166884,5030190239,Staten Island,,,,,,,,,,,,,false,,,,,,
520267452,New Building,"THIS NEW BUILDING APPLICATION IS FILED FOR BSA DENIAL PROCESSING ONLY 'PROPOSED DWELLING WHICH DOES NOT FRONT ON A LEGALLY MAPPED STREET IS CONTRARY TO ARTICLE III, SECTION 36 OF THE GENERAL CITY LAW'   PROPOSED TO CONSTRUCT ONE FAMILY SEMI-ATTACHED TWO STORY RESIDENCE WITH ACCESSORY OFF STREET PARKING FOR TWO CARS.",1-2-3 FAMILY,Empty Lot,Residential: 1 & 2 Family,Residential,0,2,0,40377,0,1,1,0,,,,,,In progress,10/28/2016 12:00:00 AM,10/21/2016,10/21/2016,,,,,388,FOURBERIE LANE,388 FOURBERIE LANE,5166843,5030190440,Staten Island,,,,,,,,,,,,,false,,,,,,
520266827,New Building,"THIS NEW BUILDING APPLICATION IS FILED FOR BSA DENIAL PROCESSING ONLY 'PROPOSED DWELLING WHICH DOES NOT FRONT ON A LEGALLY MAPPED STREET IS CONTRARY TO ARTICLE III, SECTION 36 OF THE GENERAL CITY LAW'  PROPOSED TO CONSTRUCT ONE FAMILY ATTACHED THREE STORY RESIDENCE WITH BUILT IN TWO CAR GARAGE.",1-2-3 FAMILY,Empty Lot,Residential: 1 & 2 Family,Residential,0,3,0,40377,0,1,1,0,,,,,,In progress,11/14/2016 12:00:00 AM,11/07/2016,11/07/2016,,,,,365,FOURBERIE LANE,365 FOURBERIE LANE,5166893,5030190242,Staten Island,,,,,,,,,,,,,false,,,,,,
421573540,New Building,PROPOSED NEW 2-FAMILY DWELLING,1-2-3 FAMILY,Empty Lot,Residential: 1 & 2 Family,Residential,0,2,0,2280,0,2,2,0,,,,,,In progress (last plan disapproved),03/27/2018 12:00:00 AM,03/21/2018,03/21/2018,,,,,62-26,HILLMEYER ROAD,62-26 HILLMEYER ROAD,4617831,4160050104,Queens,,,,,,,,,,,,,false,,,,,,
421573620,New Building,PROPOSED NEW 2-FAMILY DWELLING,1-2-3 FAMILY,Empty Lot,Residential: 1 & 2 Family,Residential,0,2,0,2280,0,2,2,0,,,,,,In progress (last plan disapproved),03/27/2018 12:00:00 AM,03/21/2018,03/21/2018,,,,,62-22,HILLMEYER ROAD,62-22 HILLMEYER ROAD,4617830,4160050105,Queens,,,,,,,,,,,,,false,,,,,,
520266523,New Building,"THIS NEW BUILDING APPLICATION IS FILED FOR BSA DENIAL PROCESSING ONLY 'PROPOSED DWELLING WHICH DOES NOT FRONT ON A LEGALLY MAPPED STREET IS CONTRARY TO ARTICLE III, SECTION 36 OF THE GENERAL CITY LAW'   PROPOSED TO CONSTRUCT ONE FAMILY SEMI-ATTACHED TWO STORY RESIDENCE WITH ACCESSORY OFF STREET PARKING FOR TWO CARS.",1-2-3 FAMILY,Empty Lot,Residential: 1 & 2 Family,Residential,0,2,0,40377,0,1,1,0,,,,,,In progress,11/16/2016 12:00:00 AM,11/10/2016,11/10/2016,,,,,451,FOURBERIE LANE,451 FOURBERIE LANE,5166810,5030190212,Staten Island,,,,,,,,,,,,,false,,,,,,
520266925,New Building,"THIS NEW BUILDING APPLICATION IS FILED FOR BSA DENIAL PROCESSING ONLY 'PROPOSED DWELLING WHICH DOES NOT FRONT ON A LEGALLY MAPPED STREET IS CONTRARY TO ARTICLE III, SECTION 36 OF THE GENERAL CITY LAW'  PROPOSED TO CONSTRUCT ONE FAMILY ATTACHED THREE STORY RESIDENCE WITH BUILT IN TWO CAR GARAGE.",1-2-3 FAMILY,Empty Lot,Residential: 1 & 2 Family,Residential,0,3,0,40377,0,1,1,0,,,,,,In progress,11/10/2016 12:00:00 AM,11/07/2016,11/07/2016,,,,,335,FOURBERIE LANE,335 FOURBERIE LANE,5166901,5030190256,Staten Island,,,,,,,,,,,,,false,,,,,,
421573513,New Building,PROPOSED NEW 2-FAMILY DWELLING,1-2-3 FAMILY,Empty Lot,Residential: 1 & 2 Family,Residential,0,2,0,2280,0,2,2,0,,,,,,In progress (last plan disapproved),03/27/2018 12:00:00 AM,03/21/2018,03/21/2018,,,,,62-28,HILLMEYER ROAD,62-28 HILLMEYER ROAD,4617832,4160050103,Queens,,,,,,,,,,,,,false,,,,,,
421573327,New Building,PROPOSED NEW 2-FAMILY DWELLING,1-2-3 FAMILY,Empty Lot,Residential: 1 & 2 Family,Residential,0,2,0,2280,0,2,2,0,,,,,,In progress (last plan disapproved),03/27/2018 12:00:00 AM,03/21/2018,03/21/2018,,,,,62-10,HILLMEYER ROAD,62-10 HILLMEYER ROAD,4617826,4160050109,Queens,,,,,,,,,,,,,false,,,,,,
421573318,New Building,PROPOSED NEW 2-FAMILY DWELLING,1-2-3 FAMILY,Empty Lot,Residential: 1 & 2 Family,Residential,0,2,0,2280,0,2,2,0,,,,,,In progress (last plan disapproved),03/27/2018 12:00:00 AM,03/21/2018,03/21/2018,,,,,62-14,HILLMEYER ROAD,62-14 HILLMEYER ROAD,4617827,4160050108,Queens,,,,,,,,,,,,,false,,,,,,
111555674,New Building,TESTING WITH TINA TO SEE IF BA REQD ITEMS AND NB REQD ITEMS ARE EXACTLY THE SA ME. TBD,OTHERS,Empty Lot,Residential: Multi-Family,Residential,0,10,0,100,0,10,10,0,,,,,,In progress (last plan disapproved),05/16/2016 12:00:00 AM,01/06/2015,01/06/2015,,,,,1,BISTEST STREET,1 BISTEST STREET,1813361,1000010001,Manhattan,,,,,,,,,,,,,false,,,,,,
520267407,New Building,"THIS NEW BUILDING APPLICATION IS FILED FOR BSA DENIAL PROCESSING ONLY 'PROPOSED DWELLING WHICH DOES NOT FRONT ON A LEGALLY MAPPED STREET IS CONTRARY TO ARTICLE III, SECTION 36 OF THE GENERAL CITY LAW'  PROPOSED TO CONSTRUCT ONE FAMILY ATTACHED THREE STORY RESIDENCE WITH BUILT IN TWO CAR GARAGE.",1-2-3 FAMILY,Empty Lot,Residential: 1 & 2 Family,Residential,0,3,0,40377,0,1,1,0,,,,,,In progress,10/28/2016 12:00:00 AM,10/20/2016,10/20/2016,,,,,400,FOURBERIE LANE,400 FOURBERIE LANE,5166835,5030190435,Staten Island,,,,,,,,,,,,,false,,,,,,
520267416,New Building,"THIS NEW BUILDING APPLICATION IS FILED FOR BSA DENIAL PROCESSING ONLY 'PROPOSED DWELLING WHICH DOES NOT FRONT ON A LEGALLY MAPPED STREET IS CONTRARY TO ARTICLE III, SECTION 36 OF THE GENERAL CITY LAW'  PROPOSED TO CONSTRUCT ONE FAMILY ATTACHED THREE STORY RESIDENCE WITH BUILT IN TWO CAR GARAGE.",1-2-3 FAMILY,Empty Lot,Residential: 1 & 2 Family,Residential,0,3,0,40377,0,1,1,0,,,,,,In progress,10/28/2016 12:00:00 AM,10/20/2016,10/20/2016,,,,,398,FOURBERIE LANE,398 FOURBERIE LANE,5166834,5030190436,Staten Island,,,,,,,,,,,,,false,,,,,,
520267238,New Building,"THIS NEW BUILDING APPLICATION IS FILED FOR BSA DENIAL PROCESSING ONLY 'PROPOSED DWELLING WHICH DOES NOT FRONT ON A LEGALLY MAPPED STREET IS CONTRARY TO ARTICLE III, SECTION 36 OF THE GENERAL CITY LAW'   PROPOSED TO CONSTRUCT ONE FAMILY SEMI-ATTACHED TWO STORY RESIDENCE WITH ACCESSORY OFF STREET PARKING FOR TWO CARS.",1-2-3 FAMILY,Empty Lot,Residential: 1 & 2 Family,Residential,0,2,0,40377,0,1,1,0,,,,,,In progress,10/28/2016 12:00:00 AM,10/18/2016,10/18/2016,,,,,241,AVIDITA PLACE,241 AVIDITA PLACE,5166777,5030190418,Staten Island,,,,,,,,,,,,,false,,,,,,
520267176,New Building,"THIS NEW BUILDING APPLICATION IS FILED FOR BSA DENIAL PROCESSING ONLY 'PROPOSED DWELLING WHICH DOES NOT FRONT ON A LEGALLY MAPPED STREET IS CONTRARY TO ARTICLE III, SECTION 36 OF THE GENERAL CITY LAW'   PROPOSED TO CONSTRUCT ONE FAMILY SEMI-ATTACHED TWO STORY RESIDENCE WITH ACCESSORY OFF STREET PARKING FOR TWO CARS.",1-2-3 FAMILY,Empty Lot,Residential: 1 & 2 Family,Residential,0,2,0,40377,0,1,1,0,,,,,,In progress,10/28/2016 12:00:00 AM,10/18/2016,10/18/2016,,,,,229,AVIDITA PLACE,229 AVIDITA PLACE,5166760,5030190412,Staten Island,,,,,,,,,,,,,false,,,,,,
520267283,New Building,"THIS NEW BUILDING APPLICATION IS FILED FOR BSA DENIAL PROCESSING ONLY 'PROPOSED DWELLING WHICH DOES NOT FRONT ON A LEGALLY MAPPED STREET IS CONTRARY TO ARTICLE III, SECTION 36 OF THE GENERAL CITY LAW'  PROPOSED TO CONSTRUCT ONE FAMILY ATTACHED THREE STORY RESIDENCE WITH BUILT IN TWO CAR GARAGE.",1-2-3 FAMILY,Empty Lot,Residential: 1 & 2 Family,Residential,0,3,0,40377,0,1,1,0,,,,,,In progress,10/28/2016 12:00:00 AM,10/18/2016,10/18/2016,,,,,253,AVIDITA PLACE,253 AVIDITA PLACE,5166771,5030190423,Staten Island,,,,,,,,,,,,,false,,,,,,
520267274,New Building,"THIS NEW BUILDING APPLICATION IS FILED FOR BSA DENIAL PROCESSING ONLY 'PROPOSED DWELLING WHICH DOES NOT FRONT ON A LEGALLY MAPPED STREET IS CONTRARY TO ARTICLE III, SECTION 36 OF THE GENERAL CITY LAW'  PROPOSED TO CONSTRUCT ONE FAMILY ATTACHED THREE STORY RESIDENCE WITH BUILT IN TWO CAR GARAGE.",1-2-3 FAMILY,Empty Lot,Residential: 1 & 2 Family,Residential,0,3,0,40377,0,1,1,0,,,,,,In progress,10/28/2016 12:00:00 AM,10/18/2016,10/18/2016,,,,,251,AVIDITA PLACE,251 AVIDITA PLACE,5166770,5030190422,Staten Island,,,,,,,,,,,,,false,,,,,,
520267247,New Building,"THIS NEW BUILDING APPLICATION IS FILED FOR BSA DENIAL PROCESSING ONLY 'PROPOSED DWELLING WHICH DOES NOT FRONT ON A LEGALLY MAPPED STREET IS CONTRARY TO ARTICLE III, SECTION 36 OF THE GENERAL CITY LAW'   PROPOSED TO CONSTRUCT ONE FAMILY SEMI-ATTACHED TWO STORY RESIDENCE WITH ACCESSORY OFF STREET PARKING FOR TWO CARS.",1-2-3 FAMILY,Empty Lot,Residential: 1 & 2 Family,Residential,0,2,0,40377,0,1,1,0,,,,,,In progress,10/28/2016 12:00:00 AM,10/18/2016,10/18/2016,,,,,245,AVIDITA PLACE,245 AVIDITA PLACE,5166778,5030190419,Staten Island,,,,,,,,,,,,,false,,,,,,
520267194,New Building,"THIS NEW BUILDING APPLICATION IS FILED FOR BSA DENIAL PROCESSING ONLY 'PROPOSED DWELLING WHICH DOES NOT FRONT ON A LEGALLY MAPPED STREET IS CONTRARY TO ARTICLE III, SECTION 36 OF THE GENERAL CITY LAW'  PROPOSED TO CONSTRUCT ONE FAMILY ATTACHED THREE STORY RESIDENCE WITH BUILT IN TWO CAR GARAGE.",1-2-3 FAMILY,Empty Lot,Residential: 1 & 2 Family,Residential,0,3,0,40377,0,1,1,0,,,,,,In progress,10/28/2016 12:00:00 AM,10/18/2016,10/18/2016,,,,,233,AVIDITA PLACE,233 AVIDITA PLACE,5166762,5030190414,Staten Island,,,,,,,,,,,,,false,,,,,,
520267185,New Building,"THIS NEW BUILDING APPLICATION IS FILED FOR BSA DENIAL PROCESSING ONLY 'PROPOSED DWELLING WHICH DOES NOT FRONT ON A LEGALLY MAPPED STREET IS CONTRARY TO ARTICLE III, SECTION 36 OF THE GENERAL CITY LAW'  PROPOSED TO CONSTRUCT ONE FAMILY ATTACHED THREE STORY RESIDENCE WITH BUILT IN TWO CAR GARAGE.",1-2-3 FAMILY,Empty Lot,Residential: 1 & 2 Family,Residential,0,3,0,40377,0,1,1,0,,,,,,In progress,10/28/2016 12:00:00 AM,10/18/2016,10/18/2016,,,,,231,AVIDITA PLACE,231 AVIDITA PLACE,5166761,5030190413,Staten Island,,,,,,,,,,,,,false,,,,,,
520267595,New Building,"THIS NEW BUILDING APPLICATION IS FILED FOR BSA DENIAL PROCESSING ONLY 'PROPOSED DWELLING WHICH DOES NOT FRONT ON A LEGALLY MAPPED STREET IS CONTRARY TO ARTICLE III, SECTION 36 OF THE GENERAL CITY LAW'   PROPOSED TO CONSTRUCT ONE FAMILY SEMI-ATTACHED TWO STORY RESIDENCE WITH ACCESSORY OFF STREET PARKING FOR TWO CARS.",1-2-3 FAMILY,Empty Lot,Residential: 1 & 2 Family,Residential,0,2,0,40377,0,1,1,0,,,,,,In progress,10/28/2016 12:00:00 AM,10/21/2016,10/21/2016,,,,,356,FOURBERIE LANE,356 FOURBERIE LANE,5166827,5030190454,Staten Island,,,,,,,,,,,,,false,,,,,,
520266952,New Building,"THIS NEW BUILDING APPLICATION IS FILED FOR BSA DENIAL PROCESSING ONLY 'PROPOSED DWELLING WHICH DOES NOT FRONT ON A LEGALLY MAPPED STREET IS CONTRARY TO ARTICLE III, SECTION 36 OF THE GENERAL CITY LAW'   PROPOSED TO CONSTRUCT ONE FAMILY SEMI-ATTACHED TWO STORY RESIDENCE WITH ACCESSORY OFF STREET PARKING FOR TWO CARS.",1-2-3 FAMILY,Empty Lot,Residential: 1 & 2 Family,Residential,0,2,0,40377,0,1,1,0,,,,,,In progress,11/10/2016 12:00:00 AM,11/03/2016,11/03/2016,,,,,327,FOURBERIE LANE,327 FOURBERIE LANE,5166912,5030190259,Staten Island,,,,,,,,,,,,,false,,,,,,
520266961,New Building,"THIS NEW BUILDING APPLICATION IS FILED FOR BSA DENIAL PROCESSING ONLY 'PROPOSED DWELLING WHICH DOES NOT FRONT ON A LEGALLY MAPPED STREET IS CONTRARY TO ARTICLE III, SECTION 36 OF THE GENERAL CITY LAW'  PROPOSED TO CONSTRUCT ONE FAMILY ATTACHED THREE STORY RESIDENCE WITH BUILT IN TWO CAR GARAGE.",1-2-3 FAMILY,Empty Lot,Residential: 1 & 2 Family,Residential,0,3,0,40377,0,1,1,0,,,,,,In progress,11/10/2016 12:00:00 AM,11/03/2016,11/03/2016,,,,,325,FOURBERIE LANE,325 FOURBERIE LANE,5166911,5030190260,Staten Island,,,,,,,,,,,,,false,,,,,,
520266774,New Building,"THIS NEW BUILDING APPLICATION IS FILED FOR BSA DENIAL PROCESSING ONLY 'PROPOSED DWELLING WHICH DOES NOT FRONT ON A LEGALLY MAPPED STREET IS CONTRARY TO ARTICLE III, SECTION 36 OF THE GENERAL CITY LAW'  PROPOSED TO CONSTRUCT ONE FAMILY ATTACHED THREE STORY RESIDENCE WITH BUILT IN TWO CAR GARAGE.",1-2-3 FAMILY,Empty Lot,Residential: 1 & 2 Family,Residential,0,3,0,40377,0,1,1,0,,,,,,In progress,11/14/2016 12:00:00 AM,11/09/2016,11/09/2016,,,,,377,FOURBERIE LANE,377 FOURBERIE LANE,5166886,5030190237,Staten Island,,,,,,,,,,,,,false,,,,,,
166003042,New Building,PROPOSED NEW 4 STORY RESIDENTIAL BUILDING AS PER PLANS.,OTHERS,Empty Lot,Residential: Multi-Family,Residential,0,4,0,11,0,23,23,0,,,,,,In progress,02/03/2017 12:00:00 AM,07/21/2017,07/21/2017,02/03/2017,,,,1,BISTEST STREET,1 BISTEST STREET,1813361,1000010001,Manhattan,,,,,,,,,,,,,false,,,,,,
150000021,Alteration,TEST JOB FOR TRAINING,OTHERS,Residential: Multi-Family,Residential: Multi-Family,Residential,10,10,10,15,10,10,0,0,,,,,,Permit issued,10/02/2016 12:00:00 AM,03/19/2013,03/20/2013,05/20/2013,2016-02-03,,,1,BISTEST STREET,1 BISTEST STREET,1813361,1000010001,Manhattan,,,,,,,,,,,,,false,,,,,,
520267050,New Building,"THIS NEW BUILDING APPLICATION IS FILED FOR BSA DENIAL PROCESSING ONLY 'PROPOSED DWELLING WHICH DOES NOT FRONT ON A LEGALLY MAPPED STREET IS CONTRARY TO ARTICLE III, SECTION 36 OF THE GENERAL CITY LAW'  PROPOSED TO CONSTRUCT ONE FAMILY SEMI-ATTACHED THREE STORY RESIDENCE WITH BUILT IN TWO CAR GARAGE.",1-2-3 FAMILY,Empty Lot,Residential: 1 & 2 Family,Residential,0,3,0,40377,0,1,1,0,,,,,,In progress,11/10/2016 12:00:00 AM,11/03/2016,11/03/2016,,,,,301,FOURBERIE LANE,301 FOURBERIE LANE,5166902,5030190269,Staten Island,,,,,,,,,,,,,false,,,,,,
520267327,New Building,"THIS NEW BUILDING APPLICATION IS FILED FOR BSA DENIAL PROCESSING ONLY 'PROPOSED DWELLING WHICH DOES NOT FRONT ON A LEGALLY MAPPED STREET IS CONTRARY TO ARTICLE III, SECTION 36 OF THE GENERAL CITY LAW'  PROPOSED TO CONSTRUCT ONE FAMILY ATTACHED THREE STORY RESIDENCE WITH BUILT IN TWO CAR GARAGE.",1-2-3 FAMILY,Empty Lot,Residential: 1 & 2 Family,Residential,0,3,0,40377,0,1,1,0,,,,,,In progress,10/28/2016 12:00:00 AM,10/18/2016,10/18/2016,,,,,263,AVIDITA PLACE,263 AVIDITA PLACE,5166764,5030190427,Staten Island,,,,,,,,,,,,,false,,,,,,
520267425,New Building,"THIS NEW BUILDING APPLICATION IS FILED FOR BSA DENIAL PROCESSING ONLY 'PROPOSED DWELLING WHICH DOES NOT FRONT ON A LEGALLY MAPPED STREET IS CONTRARY TO ARTICLE III, SECTION 36 OF THE GENERAL CITY LAW'  PROPOSED TO CONSTRUCT ONE FAMILY ATTACHED THREE STORY RESIDENCE WITH BUILT IN TWO CAR GARAGE.",1-2-3 FAMILY,Empty Lot,Residential: 1 & 2 Family,Residential,0,3,0,40377,0,1,1,0,,,,,,In progress,10/28/2016 12:00:00 AM,10/20/2016,10/20/2016,,,,,396,FOURBERIE LANE,396 FOURBERIE LANE,5166833,5030190437,Staten Island,,,,,,,,,,,,,false,,,,,,
520267434,New Building,"THIS NEW BUILDING APPLICATION IS FILED FOR BSA DENIAL PROCESSING ONLY 'PROPOSED DWELLING WHICH DOES NOT FRONT ON A LEGALLY MAPPED STREET IS CONTRARY TO ARTICLE III, SECTION 36 OF THE GENERAL CITY LAW'  PROPOSED TO CONSTRUCT ONE FAMILY ATTACHED THREE STORY RESIDENCE WITH BUILT IN TWO CAR GARAGE.",1-2-3 FAMILY,Empty Lot,Residential: 1 & 2 Family,Residential,0,3,0,40377,0,1,1,0,,,,,,In progress,10/28/2016 12:00:00 AM,10/20/2016,10/20/2016,,,,,394,FOURBERIE LANE,394 FOURBERIE LANE,5166832,5030190438,Staten Island,,,,,,,,,,,,,false,,,,,,
520267470,New Building,"THIS NEW BUILDING APPLICATION IS FILED FOR BSA DENIAL PROCESSING ONLY 'PROPOSED DWELLING WHICH DOES NOT FRONT ON A LEGALLY MAPPED STREET IS CONTRARY TO ARTICLE III, SECTION 36 OF THE GENERAL CITY LAW'  PROPOSED TO CONSTRUCT ONE FAMILY ATTACHED THREE STORY RESIDENCE WITH BUILT IN TWO CAR GARAGE.",1-2-3 FAMILY,Empty Lot,Residential: 1 & 2 Family,Residential,0,3,0,40377,0,1,1,0,,,,,,In progress,10/28/2016 12:00:00 AM,10/21/2016,10/21/2016,,,,,384,FOURBERIE LANE,384 FOURBERIE LANE,5166841,5030190442,Staten Island,,,,,,,,,,,,,false,,,,,,
520267504,New Building,"THIS NEW BUILDING APPLICATION IS FILED FOR BSA DENIAL PROCESSING ONLY 'PROPOSED DWELLING WHICH DOES NOT FRONT ON A LEGALLY MAPPED STREET IS CONTRARY TO ARTICLE III, SECTION 36 OF THE GENERAL CITY LAW'  PROPOSED TO CONSTRUCT ONE FAMILY ATTACHED THREE STORY RESIDENCE WITH BUILT IN TWO CAR GARAGE.",1-2-3 FAMILY,Empty Lot,Residential: 1 & 2 Family,Residential,0,3,0,40377,0,1,1,0,,,,,,In progress,10/28/2016 12:00:00 AM,10/21/2016,10/21/2016,,,,,378,FOURBERIE LANE,378 FOURBERIE LANE,5166838,5030190445,Staten Island,,,,,,,,,,,,,false,,,,,,
520266480,New Building,"THIS NEW BUILDING APPLICATION IS FILED FOR BSA DENIAL PROCESSING ONLY 'PROPOSED DWELLING WHICH DOES NOT FRONT ON A LEGALLY MAPPED STREET IS CONTRARY TO ARTICLE III, SECTION 36 OF THE GENERAL CITY LAW'  PROPOSED TO CONSTRUCT ONE FAMILY ATTACHED THREE STORY RESIDENCE WITH BUILT IN TWO CAR GARAGE.",1-2-3 FAMILY,Empty Lot,Residential: 1 & 2 Family,Residential,0,3,0,40377,0,1,1,0,,,,,,In progress,11/16/2016 12:00:00 AM,11/10/2016,11/10/2016,,,,,463,FOURBERIE LANE,463 FOURBERIE LANE,5166814,5030190208,Staten Island,,,,,,,,,,,,,false,,,,,,
520266499,New Building,"THIS NEW BUILDING APPLICATION IS FILED FOR BSA DENIAL PROCESSING ONLY 'PROPOSED DWELLING WHICH DOES NOT FRONT ON A LEGALLY MAPPED STREET IS CONTRARY TO ARTICLE III, SECTION 36 OF THE GENERAL CITY LAW'   PROPOSED TO CONSTRUCT ONE FAMILY SEMI-ATTACHED TWO STORY RESIDENCE WITH ACCESSORY OFF STREET PARKING FOR TWO CARS.",1-2-3 FAMILY,Empty Lot,Residential: 1 & 2 Family,Residential,0,2,0,40377,0,1,1,0,,,,,,In progress,11/16/2016 12:00:00 AM,11/10/2016,11/10/2016,,,,,461,FOURBERIE LANE,461 FOURBERIE LANE,5166813,5030190209,Staten Island,,,,,,,,,,,,,false,,,,,,
520267023,New Building,"THIS NEW BUILDING APPLICATION IS FILED FOR BSA DENIAL PROCESSING ONLY 'PROPOSED DWELLING WHICH DOES NOT FRONT ON A LEGALLY MAPPED STREET IS CONTRARY TO ARTICLE III, SECTION 36 OF THE GENERAL CITY LAW'   PROPOSED TO CONSTRUCT ONE FAMILY SEMI-ATTACHED TWO STORY RESIDENCE WITH ACCESSORY OFF STREET PARKING FOR TWO CARS.",1-2-3 FAMILY,Empty Lot,Residential: 1 & 2 Family,Residential,0,2,0,40377,0,1,1,0,,,,,,In progress,11/10/2016 12:00:00 AM,11/03/2016,11/03/2016,,,,,307,FOURBERIE LANE,307 FOURBERIE LANE,5166905,5030190266,Staten Island,,,,,,,,,,,,,false,,,,,,
421423775,New Building,PROPOSED NEW 2-FAMILY DWELLING,1-2-3 FAMILY,Empty Lot,Residential: 1 & 2 Family,Residential,0,2,0,2280,0,2,2,0,,,,,,In progress (last plan disapproved),03/27/2018 12:00:00 AM,03/21/2018,03/21/2018,,,,,62-32,HILLMEYER ROAD,62-32 HILLMEYER ROAD,4617833,4160050102,Queens,,,,,,,,,,,,,false,,,,,,
520218746,New Building,"CONSTRUCT CELLAR AND TWO STORIES, ONE FAMILY WOOD FRAME RESIDENCE",1-2-3 FAMILY,Empty Lot,Residential: 1 & 2 Family,Residential,0,2,0,1667,0,1,1,0,,,,,,In progress,05/18/2015 12:00:00 AM,03/20/2015,03/20/2015,05/18/2015,,,,48,MCGEE LANE,48 MCGEE LANE,5164102,5012260102,Staten Island,,,,,,,,,,,,,false,,,,,,
520218737,New Building,"CONSTRUCT CELLAR AND TWO STORIES, ONE FAMILY WOOD FRAME RESIDENCE",1-2-3 FAMILY,Empty Lot,Residential: 1 & 2 Family,Residential,0,2,0,1502,0,1,1,0,,,,,,In progress,05/18/2015 12:00:00 AM,03/20/2015,03/20/2015,05/18/2015,,,,50,MCGEE LANE,50 MCGEE LANE,5164103,5012260103,Staten Island,,,,,,,,,,,,,false,,,,,,
520266603,New Building,"THIS NEW BUILDING APPLICATION IS FILED FOR BSA DENIAL PROCESSING ONLY 'PROPOSED DWELLING WHICH DOES NOT FRONT ON A LEGALLY MAPPED STREET IS CONTRARY TO ARTICLE III, SECTION 36 OF THE GENERAL CITY LAW'  PROPOSED TO CONSTRUCT ONE FAMILY SEMI-ATTACHED THREE STORY RESIDENCE WITH BUILT IN TWO CAR GARAGE.",1-2-3 FAMILY,Empty Lot,Residential: 1 & 2 Family,Residential,0,3,0,40377,0,1,1,0,,,,,,In progress,11/16/2016 12:00:00 AM,11/10/2016,11/10/2016,,,,,421,FOURBERIE LANE,421 FOURBERIE LANE,5166869,5030190220,Staten Island,,,,,,,,,,,,,false,,,,,,
520267372,New Building,"THIS NEW BUILDING APPLICATION IS FILED FOR BSA DENIAL PROCESSING ONLY 'PROPOSED DWELLING WHICH DOES NOT FRONT ON A LEGALLY MAPPED STREET IS CONTRARY TO ARTICLE III, SECTION 36 OF THE GENERAL CITY LAW'  PROPOSED TO CONSTRUCT ONE FAMILY SEMI-ATTACHED THREE STORY RESIDENCE WITH BUILT IN TWO CAR GARAGE.",1-2-3 FAMILY,Empty Lot,Residential: 1 & 2 Family,Residential,0,3,0,40377,0,1,1,0,,,,,,In progress,10/28/2016 12:00:00 AM,10/18/2016,10/18/2016,,,,,275,AVIDITA PLACE,275 AVIDITA PLACE,5166769,5030190432,Staten Island,,,,,,,,,,,,,false,,,,,,
520099358,New Building,"CONSTRUCT CELLAR AND TWO STORY, ONE FAMILY WOOD FRAME RESIDENCE.",1-2-3 FAMILY,Empty Lot,Residential: 1 & 2 Family,Residential,0,2,0,1502,0,1,1,0,,,,,,In progress,05/11/2015 12:00:00 AM,05/14/2012,05/14/2012,05/11/2015,,,,25,MCGEE LANE,25 MCGEE LANE,5158791,5012260119,Staten Island,,,,,,,,,,,,,false,,,,,,
520099394,New Building,"CONSTRUCT CELLAR AND TWO STORY, ONE FAMILY WOOD FRAME RESIDENCE.",1-2-3 FAMILY,Empty Lot,Residential: 1 & 2 Family,Residential,0,2,0,1502,0,1,1,0,,,,,,In progress,05/12/2015 12:00:00 AM,05/14/2012,05/14/2012,05/12/2015,,,,33,MCGEE LANE,33 MCGEE LANE,5158794,5012260115,Staten Island,,,,,,,,,,,,,false,,,,,,
168980009,New Building,TEST TESTING. IF ASK FOR FEE ADJUSTMENT,1-2-3 FAMILY,Empty Lot,Residential: 1 & 2 Family,Residential,0,3,0,123,0,1,1,0,,,,,,In progress,03/06/2018 12:00:00 AM,07/31/2017,07/31/2017,03/06/2018,,,,1,BISTEST STREET,1 BISTEST STREET,1813361,1000010001,Manhattan,,,,,,,,,,,,,false,,,,,,
520099401,New Building,"CONSTRUCT CELLAR AND TWO STORY, ONE FAMILY WOOD FRAME RESIDENCE.",1-2-3 FAMILY,Empty Lot,Residential: 1 & 2 Family,Residential,0,2,0,1451,0,1,1,0,,,,,,In progress,05/12/2015 12:00:00 AM,05/14/2012,05/14/2012,05/12/2015,,,,35,MCGEE LANE,35 MCGEE LANE,5158795,5012260114,Staten Island,,,,,,,,,,,,,false,,,,,,
520099429,New Building,"CONSTRUCT CELLAR AND TWO STORY, ONE FAMILY WOOD FRAME RESIDENCE.",1-2-3 FAMILY,Empty Lot,Residential: 1 & 2 Family,Residential,0,2,0,1451,0,1,1,0,,,,,,In progress,05/18/2015 12:00:00 AM,05/14/2012,05/14/2012,05/18/2015,,,,39,MCGEE LANE,39 MCGEE LANE,5158797,5012260112,Staten Island,,,,,,,,,,,,,false,,,,,,
520099410,New Building,"CONSTRUCT CELLAR AND TWO STORY, ONE FAMILY WOOD FRAME RESIDENCE.",1-2-3 FAMILY,Empty Lot,Residential: 1 & 2 Family,Residential,0,2,0,1451,0,1,1,0,,,,,,In progress,05/18/2015 12:00:00 AM,05/14/2012,05/14/2012,05/18/2015,,,,37,MCGEE LANE,37 MCGEE LANE,5158796,5012260113,Staten Island,,,,,,,,,,,,,false,,,,,,
520267354,New Building,"THIS NEW BUILDING APPLICATION IS FILED FOR BSA DENIAL PROCESSING ONLY 'PROPOSED DWELLING WHICH DOES NOT FRONT ON A LEGALLY MAPPED STREET IS CONTRARY TO ARTICLE III, SECTION 36 OF THE GENERAL CITY LAW'  PROPOSED TO CONSTRUCT ONE FAMILY ATTACHED THREE STORY RESIDENCE WITH BUILT IN TWO CAR GARAGE.",1-2-3 FAMILY,Empty Lot,Residential: 1 & 2 Family,Residential,0,3,0,40377,0,1,1,0,,,,,,In progress,10/28/2016 12:00:00 AM,10/18/2016,10/18/2016,,,,,269,AVIDITA PLACE,269 AVIDITA PLACE,5166767,5030190430,Staten Island,,,,,,,,,,,,,false,,,,,,
520267345,New Building,"THIS NEW BUILDING APPLICATION IS FILED FOR BSA DENIAL PROCESSING ONLY 'PROPOSED DWELLING WHICH DOES NOT FRONT ON A LEGALLY MAPPED STREET IS CONTRARY TO ARTICLE III, SECTION 36 OF THE GENERAL CITY LAW'  PROPOSED TO CONSTRUCT ONE FAMILY ATTACHED THREE STORY RESIDENCE WITH BUILT IN TWO CAR GARAGE.",1-2-3 FAMILY,Empty Lot,Residential: 1 & 2 Family,Residential,0,3,0,40377,0,1,1,0,,,,,,In progress,10/28/2016 12:00:00 AM,10/18/2016,10/18/2016,,,,,267,AVIDITA PLACE,267 AVIDITA PLACE,5166766,5030190429,Staten Island,,,,,,,,,,,,,false,,,,,,
520267318,New Building,"THIS NEW BUILDING APPLICATION IS FILED FOR BSA DENIAL PROCESSING ONLY 'PROPOSED DWELLING WHICH DOES NOT FRONT ON A LEGALLY MAPPED STREET IS CONTRARY TO ARTICLE III, SECTION 36 OF THE GENERAL CITY LAW'   PROPOSED TO CONSTRUCT ONE FAMILY SEMI-ATTACHED TWO STORY RESIDENCE WITH ACCESSORY OFF STREET PARKING FOR TWO CARS.",1-2-3 FAMILY,Empty Lot,Residential: 1 & 2 Family,Residential,0,2,0,40377,0,1,1,0,,,,,,In progress,10/28/2016 12:00:00 AM,10/18/2016,10/18/2016,,,,,261,AVIDITA PLACE,261 AVIDITA PLACE,5166774,5030190426,Staten Island,,,,,,,,,,,,,false,,,,,,
520266649,New Building,"THIS NEW BUILDING APPLICATION IS FILED FOR BSA DENIAL PROCESSING ONLY 'PROPOSED DWELLING WHICH DOES NOT FRONT ON A LEGALLY MAPPED STREET IS CONTRARY TO ARTICLE III, SECTION 36 OF THE GENERAL CITY LAW'  PROPOSED TO CONSTRUCT ONE FAMILY ATTACHED THREE STORY RESIDENCE WITH BUILT IN TWO CAR GARAGE.",1-2-3 FAMILY,Empty Lot,Residential: 1 & 2 Family,Residential,0,3,0,40377,0,1,1,0,,,,,,In progress,11/16/2016 12:00:00 AM,11/10/2016,11/10/2016,,,,,409,FOURBERIE LANE,409 FOURBERIE LANE,5166875,5030190224,Staten Island,,,,,,,,,,,,,false,,,,,,
520266532,New Building,"THIS NEW BUILDING APPLICATION IS FILED FOR BSA DENIAL PROCESSING ONLY 'PROPOSED DWELLING WHICH DOES NOT FRONT ON A LEGALLY MAPPED STREET IS CONTRARY TO ARTICLE III, SECTION 36 OF THE GENERAL CITY LAW'   PROPOSED TO CONSTRUCT ONE FAMILY SEMI-ATTACHED TWO STORY RESIDENCE WITH ACCESSORY OFF STREET PARKING FOR TWO CARS.",1-2-3 FAMILY,Empty Lot,Residential: 1 & 2 Family,Residential,0,2,0,40377,0,1,1,0,,,,,,In progress,11/16/2016 12:00:00 AM,11/10/2016,11/10/2016,,,,,445,FOURBERIE LANE,445 FOURBERIE LANE,5166809,5030190213,Staten Island,,,,,,,,,,,,,false,,,,,,
520266550,New Building,"THIS NEW BUILDING APPLICATION IS FILED FOR BSA DENIAL PROCESSING ONLY 'PROPOSED DWELLING WHICH DOES NOT FRONT ON A LEGALLY MAPPED STREET IS CONTRARY TO ARTICLE III, SECTION 36 OF THE GENERAL CITY LAW'   PROPOSED TO CONSTRUCT ONE FAMILY SEMI-ATTACHED TWO STORY RESIDENCE WITH ACCESSORY OFF STREET PARKING FOR TWO CARS.",1-2-3 FAMILY,Empty Lot,Residential: 1 & 2 Family,Residential,0,2,0,40377,0,1,1,0,,,,,,In progress,11/16/2016 12:00:00 AM,11/10/2016,11/10/2016,,,,,441,FOURBERIE LANE,441 FOURBERIE LANE,5166807,5030190215,Staten Island,,,,,,,,,,,,,false,,,,,,
520266710,New Building,"THIS NEW BUILDING APPLICATION IS FILED FOR BSA DENIAL PROCESSING ONLY 'PROPOSED DWELLING WHICH DOES NOT FRONT ON A LEGALLY MAPPED STREET IS CONTRARY TO ARTICLE III, SECTION 36 OF THE GENERAL CITY LAW'  PROPOSED TO CONSTRUCT ONE FAMILY ATTACHED THREE STORY RESIDENCE WITH BUILT IN TWO CAR GARAGE.",1-2-3 FAMILY,Empty Lot,Residential: 1 & 2 Family,Residential,0,3,0,40377,0,1,1,0,,,,,,In progress,11/14/2016 12:00:00 AM,11/09/2016,11/09/2016,,,,,391,FOURBERIE LANE,391 FOURBERIE LANE,5166880,5030190231,Staten Island,,,,,,,,,,,,,false,,,,,,
520266809,New Building,"THIS NEW BUILDING APPLICATION IS FILED FOR BSA DENIAL PROCESSING ONLY 'PROPOSED DWELLING WHICH DOES NOT FRONT ON A LEGALLY MAPPED STREET IS CONTRARY TO ARTICLE III, SECTION 36 OF THE GENERAL CITY LAW'   PROPOSED TO CONSTRUCT ONE FAMILY SEMI-ATTACHED TWO STORY RESIDENCE WITH ACCESSORY OFF STREET PARKING FOR TWO CARS.",1-2-3 FAMILY,Empty Lot,Residential: 1 & 2 Family,Residential,0,2,0,40377,0,1,1,0,,,,,,In progress,11/14/2016 12:00:00 AM,11/09/2016,11/09/2016,,,,,371,FOURBERIE LANE,371 FOURBERIE LANE,5166883,5030190240,Staten Island,,,,,,,,,,,,,false,,,,,,
130000238,Alteration,XXX,1-2-3 FAMILY,Residential: 1 & 2 Family,Residential: 1 & 2 Family,Residential,3,3,11,99,3,3,0,0,,,,,,In progress,03/10/2017 12:00:00 AM,01/18/2017,01/18/2017,03/10/2017,,,,1,BISTEST STREET,1 BISTEST STREET,1813361,1000010001,Manhattan,,,,,,,,,,,,,false,,,,,,
520267461,New Building,"THIS NEW BUILDING APPLICATION IS FILED FOR BSA DENIAL PROCESSING ONLY 'PROPOSED DWELLING WHICH DOES NOT FRONT ON A LEGALLY MAPPED STREET IS CONTRARY TO ARTICLE III, SECTION 36 OF THE GENERAL CITY LAW'  PROPOSED TO CONSTRUCT ONE FAMILY ATTACHED THREE STORY RESIDENCE WITH BUILT IN TWO CAR GARAGE.",1-2-3 FAMILY,Empty Lot,Residential: 1 & 2 Family,Residential,0,3,0,40377,0,1,1,0,,,,,,In progress,10/28/2016 12:00:00 AM,10/21/2016,10/21/2016,,,,,386,FOURBERIE LANE,386 FOURBERIE LANE,5166842,5030190441,Staten Island,,,,,,,,,,,,,false,,,,,,
520266836,New Building,"THIS NEW BUILDING APPLICATION IS FILED FOR BSA DENIAL PROCESSING ONLY 'PROPOSED DWELLING WHICH DOES NOT FRONT ON A LEGALLY MAPPED STREET IS CONTRARY TO ARTICLE III, SECTION 36 OF THE GENERAL CITY LAW'  PROPOSED TO CONSTRUCT ONE FAMILY ATTACHED THREE STORY RESIDENCE WITH BUILT IN TWO CAR GARAGE.",1-2-3 FAMILY,Empty Lot,Residential: 1 & 2 Family,Residential,0,3,0,40377,0,1,1,0,,,,,,In progress,11/14/2016 12:00:00 AM,11/07/2016,11/07/2016,,,,,363,FOURBERIE LANE,363 FOURBERIE LANE,5166892,5030190243,Staten Island,,,,,,,,,,,,,false,,,,,,
520266587,New Building,"THIS NEW BUILDING APPLICATION IS FILED FOR BSA DENIAL PROCESSING ONLY 'PROPOSED DWELLING WHICH DOES NOT FRONT ON A LEGALLY MAPPED STREET IS CONTRARY TO ARTICLE III, SECTION 36 OF THE GENERAL CITY LAW'  PROPOSED TO CONSTRUCT ONE FAMILY ATTACHED THREE STORY RESIDENCE WITH BUILT IN TWO CAR GARAGE.",1-2-3 FAMILY,Empty Lot,Residential: 1 & 2 Family,Residential,0,3,0,40377,0,1,1,0,,,,,,In progress,11/16/2016 12:00:00 AM,11/10/2016,11/10/2016,,,,,433,FOURBERIE LANE,433 FOURBERIE LANE,5166804,5030190218,Staten Island,,,,,,,,,,,,,false,,,,,,
520266569,New Building,"THIS NEW BUILDING APPLICATION IS FILED FOR BSA DENIAL PROCESSING ONLY 'PROPOSED DWELLING WHICH DOES NOT FRONT ON A LEGALLY MAPPED STREET IS CONTRARY TO ARTICLE III, SECTION 36 OF THE GENERAL CITY LAW'   PROPOSED TO CONSTRUCT ONE FAMILY SEMI-ATTACHED TWO STORY RESIDENCE WITH ACCESSORY OFF STREET PARKING FOR TWO CARS.",1-2-3 FAMILY,Empty Lot,Residential: 1 & 2 Family,Residential,0,2,0,40377,0,1,1,0,,,,,,In progress,11/16/2016 12:00:00 AM,11/10/2016,11/10/2016,,,,,437,FOURBERIE LANE,437 FOURBERIE LANE,5166806,5030190216,Staten Island,,,,,,,,,,,,,false,,,,,,
520266612,New Building,"THIS NEW BUILDING APPLICATION IS FILED FOR BSA DENIAL PROCESSING ONLY 'PROPOSED DWELLING WHICH DOES NOT FRONT ON A LEGALLY MAPPED STREET IS CONTRARY TO ARTICLE III, SECTION 36 OF THE GENERAL CITY LAW'  PROPOSED TO CONSTRUCT ONE FAMILY ATTACHED THREE STORY RESIDENCE WITH BUILT IN TWO CAR GARAGE.",1-2-3 FAMILY,Empty Lot,Residential: 1 & 2 Family,Residential,0,3,0,40377,0,1,1,0,,,,,,In progress,11/18/2016 12:00:00 AM,11/10/2016,11/10/2016,,,,,419,FOURBERIE LANE,419 FOURBERIE LANE,5166866,5030190221,Staten Island,,,,,,,,,,,,,false,,,,,,
520266658,New Building,"THIS NEW BUILDING APPLICATION IS FILED FOR BSA DENIAL PROCESSING ONLY 'PROPOSED DWELLING WHICH DOES NOT FRONT ON A LEGALLY MAPPED STREET IS CONTRARY TO ARTICLE III, SECTION 36 OF THE GENERAL CITY LAW'  PROPOSED TO CONSTRUCT ONE FAMILY ATTACHED THREE STORY RESIDENCE WITH BUILT IN TWO CAR GARAGE.",1-2-3 FAMILY,Empty Lot,Residential: 1 & 2 Family,Residential,0,3,0,40377,0,1,1,0,,,,,,In progress,11/16/2016 12:00:00 AM,11/10/2016,11/10/2016,,,,,407,FOURBERIE LANE,407 FOURBERIE LANE,5166874,5030190225,Staten Island,,,,,,,,,,,,,false,,,,,,
520266667,New Building,"THIS NEW BUILDING APPLICATION IS FILED FOR BSA DENIAL PROCESSING ONLY 'PROPOSED DWELLING WHICH DOES NOT FRONT ON A LEGALLY MAPPED STREET IS CONTRARY TO ARTICLE III, SECTION 36 OF THE GENERAL CITY LAW'   PROPOSED TO CONSTRUCT ONE FAMILY SEMI-ATTACHED TWO STORY RESIDENCE WITH ACCESSORY OFF STREET PARKING FOR TWO CARS.",1-2-3 FAMILY,Empty Lot,Residential: 1 & 2 Family,Residential,0,2,0,40377,0,1,1,0,,,,,,In progress,11/16/2016 12:00:00 AM,11/10/2016,11/10/2016,,,,,405,FOURBERIE LANE,405 FOURBERIE LANE,5166873,5030190226,Staten Island,,,,,,,,,,,,,false,,,,,,
520266541,New Building,"THIS NEW BUILDING APPLICATION IS FILED FOR BSA DENIAL PROCESSING ONLY 'PROPOSED DWELLING WHICH DOES NOT FRONT ON A LEGALLY MAPPED STREET IS CONTRARY TO ARTICLE III, SECTION 36 OF THE GENERAL CITY LAW'  PROPOSED TO CONSTRUCT ONE FAMILY ATTACHED THREE STORY RESIDENCE WITH BUILT IN TWO CAR GARAGE.",1-2-3 FAMILY,Empty Lot,Residential: 1 & 2 Family,Residential,0,3,0,40377,0,1,1,0,,,,,,In progress,11/16/2016 12:00:00 AM,11/10/2016,11/10/2016,,,,,443,FOURBERIE LANE,443 FOURBERIE LANE,5166808,5030190214,Staten Island,,,,,,,,,,,,,false,,,,,,
177812111,Alteration,TESTING,OTHERS,Public,Residential: 1 & 2 Family,Residential,10,12,200,500,0,11,11,0,,,,,,Permit issued,10/02/2016 12:00:00 AM,07/08/2008,07/08/2008,07/17/2008,2011-03-17,12/02/2015,,1,BISTEST STREET,1 BISTEST STREET,1813361,1000010001,Manhattan,,,,,,,,,,,,,false,,,,,,
520267292,New Building,"THIS NEW BUILDING APPLICATION IS FILED FOR BSA DENIAL PROCESSING ONLY 'PROPOSED DWELLING WHICH DOES NOT FRONT ON A LEGALLY MAPPED STREET IS CONTRARY TO ARTICLE III, SECTION 36 OF THE GENERAL CITY LAW'  PROPOSED TO CONSTRUCT ONE FAMILY ATTACHED THREE STORY RESIDENCE WITH BUILT IN TWO CAR GARAGE.",1-2-3 FAMILY,Empty Lot,Residential: 1 & 2 Family,Residential,0,3,0,40377,0,1,1,0,,,,,,In progress,10/28/2016 12:00:00 AM,10/18/2016,10/18/2016,,,,,255,AVIDITA PLACE,255 AVIDITA PLACE,5166772,5030190424,Staten Island,,,,,,,,,,,,,false,,,,,,
520267489,New Building,"THIS NEW BUILDING APPLICATION IS FILED FOR BSA DENIAL PROCESSING ONLY 'PROPOSED DWELLING WHICH DOES NOT FRONT ON A LEGALLY MAPPED STREET IS CONTRARY TO ARTICLE III, SECTION 36 OF THE GENERAL CITY LAW'  PROPOSED TO CONSTRUCT ONE FAMILY ATTACHED THREE STORY RESIDENCE WITH BUILT IN TWO CAR GARAGE.",1-2-3 FAMILY,Empty Lot,Residential: 1 & 2 Family,Residential,0,3,0,40377,0,1,1,0,,,,,,In progress,10/28/2016 12:00:00 AM,10/21/2016,10/21/2016,,,,,382,FOURBERIE LANE,382 FOURBERIE LANE,5166840,5030190443,Staten Island,,,,,,,,,,,,,false,,,,,,
520267513,New Building,"THIS NEW BUILDING APPLICATION IS FILED FOR BSA DENIAL PROCESSING ONLY 'PROPOSED DWELLING WHICH DOES NOT FRONT ON A LEGALLY MAPPED STREET IS CONTRARY TO ARTICLE III, SECTION 36 OF THE GENERAL CITY LAW'   PROPOSED TO CONSTRUCT ONE FAMILY SEMI-ATTACHED TWO STORY RESIDENCE WITH ACCESSORY OFF STREET PARKING FOR TWO CARS.",1-2-3 FAMILY,Empty Lot,Residential: 1 & 2 Family,Residential,0,2,0,40377,0,1,1,0,,,,,,In progress,10/28/2016 12:00:00 AM,10/21/2016,10/21/2016,,,,,376,FOURBERIE LANE,376 FOURBERIE LANE,5166825,5030190446,Staten Island,,,,,,,,,,,,,false,,,,,,
520267522,New Building,"THIS NEW BUILDING APPLICATION IS FILED FOR BSA DENIAL PROCESSING ONLY 'PROPOSED DWELLING WHICH DOES NOT FRONT ON A LEGALLY MAPPED STREET IS CONTRARY TO ARTICLE III, SECTION 36 OF THE GENERAL CITY LAW'   PROPOSED TO CONSTRUCT ONE FAMILY SEMI-ATTACHED TWO STORY RESIDENCE WITH ACCESSORY OFF STREET PARKING FOR TWO CARS.",1-2-3 FAMILY,Empty Lot,Residential: 1 & 2 Family,Residential,0,2,0,40377,0,1,1,0,,,,,,In progress,10/28/2016 12:00:00 AM,10/21/2016,10/21/2016,,,,,372,FOURBERIE LANE,372 FOURBERIE LANE,5166824,5030190447,Staten Island,,,,,,,,,,,,,false,,,,,,
520267531,New Building,"THIS NEW BUILDING APPLICATION IS FILED FOR BSA DENIAL PROCESSING ONLY 'PROPOSED DWELLING WHICH DOES NOT FRONT ON A LEGALLY MAPPED STREET IS CONTRARY TO ARTICLE III, SECTION 36 OF THE GENERAL CITY LAW'  PROPOSED TO CONSTRUCT ONE FAMILY ATTACHED THREE STORY RESIDENCE WITH BUILT IN TWO CAR GARAGE.",1-2-3 FAMILY,Empty Lot,Residential: 1 & 2 Family,Residential,0,3,0,40377,0,1,1,0,,,,,,In progress,10/28/2016 12:00:00 AM,10/21/2016,10/21/2016,,,,,370,FOURBERIE LANE,370 FOURBERIE LANE,5166823,5030190448,Staten Island,,,,,,,,,,,,,false,,,,,,
520267540,New Building,"THIS NEW BUILDING APPLICATION IS FILED FOR BSA DENIAL PROCESSING ONLY 'PROPOSED DWELLING WHICH DOES NOT FRONT ON A LEGALLY MAPPED STREET IS CONTRARY TO ARTICLE III, SECTION 36 OF THE GENERAL CITY LAW'  PROPOSED TO CONSTRUCT ONE FAMILY ATTACHED THREE STORY RESIDENCE WITH BUILT IN TWO CAR GARAGE.",1-2-3 FAMILY,Empty Lot,Residential: 1 & 2 Family,Residential,0,3,0,40377,0,1,1,0,,,,,,In progress,10/28/2016 12:00:00 AM,10/21/2016,10/21/2016,,,,,368,FOURBERIE LANE,368 FOURBERIE LANE,5166822,5030190449,Staten Island,,,,,,,,,,,,,false,,,,,,
520267559,New Building,"THIS NEW BUILDING APPLICATION IS FILED FOR BSA DENIAL PROCESSING ONLY 'PROPOSED DWELLING WHICH DOES NOT FRONT ON A LEGALLY MAPPED STREET IS CONTRARY TO ARTICLE III, SECTION 36 OF THE GENERAL CITY LAW'  PROPOSED TO CONSTRUCT ONE FAMILY ATTACHED THREE STORY RESIDENCE WITH BUILT IN TWO CAR GARAGE.",1-2-3 FAMILY,Empty Lot,Residential: 1 & 2 Family,Residential,0,3,0,40377,0,1,1,0,,,,,,In progress,10/28/2016 12:00:00 AM,10/21/2016,10/21/2016,,,,,366,FOURBERIE LANE,366 FOURBERIE LANE,5166821,5030190450,Staten Island,,,,,,,,,,,,,false,,,,,,
520267568,New Building,"THIS NEW BUILDING APPLICATION IS FILED FOR BSA DENIAL PROCESSING ONLY 'PROPOSED DWELLING WHICH DOES NOT FRONT ON A LEGALLY MAPPED STREET IS CONTRARY TO ARTICLE III, SECTION 36 OF THE GENERAL CITY LAW'  PROPOSED TO CONSTRUCT ONE FAMILY ATTACHED THREE STORY RESIDENCE WITH BUILT IN TWO CAR GARAGE.",1-2-3 FAMILY,Empty Lot,Residential: 1 & 2 Family,Residential,0,3,0,40377,0,1,1,0,,,,,,In progress,10/28/2016 12:00:00 AM,10/21/2016,10/21/2016,,,,,364,FOURBERIE LANE,364 FOURBERIE LANE,5166830,5030190451,Staten Island,,,,,,,,,,,,,false,,,,,,
520267602,New Building,"THIS NEW BUILDING APPLICATION IS FILED FOR BSA DENIAL PROCESSING ONLY 'PROPOSED DWELLING WHICH DOES NOT FRONT ON A LEGALLY MAPPED STREET IS CONTRARY TO ARTICLE III, SECTION 36 OF THE GENERAL CITY LAW'  PROPOSED TO CONSTRUCT ONE FAMILY ATTACHED THREE STORY RESIDENCE WITH BUILT IN TWO CAR GARAGE.",1-2-3 FAMILY,Empty Lot,Residential: 1 & 2 Family,Residential,0,3,0,40377,0,1,1,0,,,,,,In progress,10/28/2016 12:00:00 AM,10/21/2016,10/21/2016,,,,,354,FOURBERIE LANE,354 FOURBERIE LANE,5166826,5030190455,Staten Island,,,,,,,,,,,,,false,,,,,,
520267611,New Building,"THIS NEW BUILDING APPLICATION IS FILED FOR BSA DENIAL PROCESSING ONLY 'PROPOSED DWELLING WHICH DOES NOT FRONT ON A LEGALLY MAPPED STREET IS CONTRARY TO ARTICLE III, SECTION 36 OF THE GENERAL CITY LAW'  PROPOSED TO CONSTRUCT ONE FAMILY ATTACHED THREE STORY RESIDENCE WITH BUILT IN TWO CAR GARAGE.",1-2-3 FAMILY,Empty Lot,Residential: 1 & 2 Family,Residential,0,3,0,40377,0,1,1,0,,,,,,In progress,10/28/2016 12:00:00 AM,10/21/2016,10/21/2016,,,,,352,FOURBERIE LANE,352 FOURBERIE LANE,5166816,5030190456,Staten Island,,,,,,,,,,,,,false,,,,,,
520267620,New Building,"THIS NEW BUILDING APPLICATION IS FILED FOR BSA DENIAL PROCESSING ONLY 'PROPOSED DWELLING WHICH DOES NOT FRONT ON A LEGALLY MAPPED STREET IS CONTRARY TO ARTICLE III, SECTION 36 OF THE GENERAL CITY LAW'  PROPOSED TO CONSTRUCT ONE FAMILY ATTACHED THREE STORY RESIDENCE WITH BUILT IN TWO CAR GARAGE.",1-2-3 FAMILY,Empty Lot,Residential: 1 & 2 Family,Residential,0,3,0,40377,0,1,1,0,,,,,,In progress,10/28/2016 12:00:00 AM,10/21/2016,10/21/2016,,,,,350,FOURBERIE LANE,350 FOURBERIE LANE,5166818,5030190457,Staten Island,,,,,,,,,,,,,false,,,,,,
520267639,New Building,"THIS NEW BUILDING APPLICATION IS FILED FOR BSA DENIAL PROCESSING ONLY 'PROPOSED DWELLING WHICH DOES NOT FRONT ON A LEGALLY MAPPED STREET IS CONTRARY TO ARTICLE III, SECTION 36 OF THE GENERAL CITY LAW'  PROPOSED TO CONSTRUCT ONE FAMILY ATTACHED THREE STORY RESIDENCE WITH BUILT IN TWO CAR GARAGE.",1-2-3 FAMILY,Empty Lot,Residential: 1 & 2 Family,Residential,0,3,0,40377,0,1,1,0,,,,,,In progress,10/28/2016 12:00:00 AM,10/21/2016,10/21/2016,,,,,348,FOURBERIE LANE,348 FOURBERIE LANE,5166817,5030190458,Staten Island,,,,,,,,,,,,,false,,,,,,
520267648,New Building,"THIS NEW BUILDING APPLICATION IS FILED FOR BSA DENIAL PROCESSING ONLY 'PROPOSED DWELLING WHICH DOES NOT FRONT ON A LEGALLY MAPPED STREET IS CONTRARY TO ARTICLE III, SECTION 36 OF THE GENERAL CITY LAW'  PROPOSED TO CONSTRUCT ONE FAMILY ATTACHED THREE STORY RESIDENCE WITH BUILT IN TWO CAR GARAGE.",1-2-3 FAMILY,Empty Lot,Residential: 1 & 2 Family,Residential,0,3,0,40377,0,1,1,0,,,,,,In progress,10/28/2016 12:00:00 AM,10/21/2016,10/21/2016,,,,,346,FOURBERIE LANE,346 FOURBERIE LANE,5166820,5030190459,Staten Island,,,,,,,,,,,,,false,,,,,,
520267657,New Building,"THIS NEW BUILDING APPLICATION IS FILED FOR BSA DENIAL PROCESSING ONLY 'PROPOSED DWELLING WHICH DOES NOT FRONT ON A LEGALLY MAPPED STREET IS CONTRARY TO ARTICLE III, SECTION 36 OF THE GENERAL CITY LAW'  PROPOSED TO CONSTRUCT ONE FAMILY SEMI-ATTACHED THREE STORY RESIDENCE WITH BUILT IN TWO CAR GARAGE.",1-2-3 FAMILY,Empty Lot,Residential: 1 & 2 Family,Residential,0,3,0,40377,0,1,1,0,,,,,,In progress,10/28/2016 12:00:00 AM,10/21/2016,10/21/2016,,,,,342,FOURBERIE LANE,342 FOURBERIE LANE,5166819,5030190460,Staten Island,,,,,,,,,,,,,false,,,,,,
520266989,New Building,"THIS NEW BUILDING APPLICATION IS FILED FOR BSA DENIAL PROCESSING ONLY 'PROPOSED DWELLING WHICH DOES NOT FRONT ON A LEGALLY MAPPED STREET IS CONTRARY TO ARTICLE III, SECTION 36 OF THE GENERAL CITY LAW'  PROPOSED TO CONSTRUCT ONE FAMILY ATTACHED THREE STORY RESIDENCE WITH BUILT IN TWO CAR GARAGE.",1-2-3 FAMILY,Empty Lot,Residential: 1 & 2 Family,Residential,0,3,0,40377,0,1,1,0,,,,,,In progress,11/10/2016 12:00:00 AM,11/03/2016,11/03/2016,,,,,321,FOURBERIE LANE,321 FOURBERIE LANE,5166909,5030190262,Staten Island,,,,,,,,,,,,,false,,,,,,
520266998,New Building,"THIS NEW BUILDING APPLICATION IS FILED FOR BSA DENIAL PROCESSING ONLY 'PROPOSED DWELLING WHICH DOES NOT FRONT ON A LEGALLY MAPPED STREET IS CONTRARY TO ARTICLE III, SECTION 36 OF THE GENERAL CITY LAW'  PROPOSED TO CONSTRUCT ONE FAMILY ATTACHED THREE STORY RESIDENCE WITH BUILT IN TWO CAR GARAGE.",1-2-3 FAMILY,Empty Lot,Residential: 1 & 2 Family,Residential,0,3,0,40377,0,1,1,0,,,,,,In progress,11/10/2016 12:00:00 AM,11/03/2016,11/03/2016,,,,,319,FOURBERIE LANE,319 FOURBERIE LANE,5166908,5030190263,Staten Island,,,,,,,,,,,,,false,,,,,,
520267005,New Building,"THIS NEW BUILDING APPLICATION IS FILED FOR BSA DENIAL PROCESSING ONLY 'PROPOSED DWELLING WHICH DOES NOT FRONT ON A LEGALLY MAPPED STREET IS CONTRARY TO ARTICLE III, SECTION 36 OF THE GENERAL CITY LAW'  PROPOSED TO CONSTRUCT ONE FAMILY ATTACHED THREE STORY RESIDENCE WITH BUILT IN TWO CAR GARAGE.",1-2-3 FAMILY,Empty Lot,Residential: 1 & 2 Family,Residential,0,3,0,40377,0,1,1,0,,,,,,In progress,11/10/2016 12:00:00 AM,11/03/2016,11/03/2016,,,,,317,FOURBERIE LANE,317 FOURBERIE LANE,5166907,5030190264,Staten Island,,,,,,,,,,,,,false,,,,,,
520267014,New Building,"THIS NEW BUILDING APPLICATION IS FILED FOR BSA DENIAL PROCESSING ONLY 'PROPOSED DWELLING WHICH DOES NOT FRONT ON A LEGALLY MAPPED STREET IS CONTRARY TO ARTICLE III, SECTION 36 OF THE GENERAL CITY LAW'   PROPOSED TO CONSTRUCT ONE FAMILY SEMI-ATTACHED TWO STORY RESIDENCE WITH ACCESSORY OFF STREET PARKING FOR TWO CARS.",1-2-3 FAMILY,Empty Lot,Residential: 1 & 2 Family,Residential,0,2,0,40377,0,1,1,0,,,,,,In progress,11/10/2016 12:00:00 AM,11/03/2016,11/03/2016,,,,,315,FOURBERIE LANE,315 FOURBERIE LANE,5166906,5030190265,Staten Island,,,,,,,,,,,,,false,,,,,,
520266845,New Building,"THIS NEW BUILDING APPLICATION IS FILED FOR BSA DENIAL PROCESSING ONLY 'PROPOSED DWELLING WHICH DOES NOT FRONT ON A LEGALLY MAPPED STREET IS CONTRARY TO ARTICLE III, SECTION 36 OF THE GENERAL CITY LAW'  PROPOSED TO CONSTRUCT ONE FAMILY ATTACHED THREE STORY RESIDENCE WITH BUILT IN TWO CAR GARAGE.",1-2-3 FAMILY,Empty Lot,Residential: 1 & 2 Family,Residential,0,3,0,40377,0,1,1,0,,,,,,In progress,11/14/2016 12:00:00 AM,11/07/2016,11/07/2016,,,,,361,FOURBERIE LANE,361 FOURBERIE LANE,5166891,5030190244,Staten Island,,,,,,,,,,,,,false,,,,,,
520266854,New Building,"THIS NEW BUILDING APPLICATION IS FILED FOR BSA DENIAL PROCESSING ONLY 'PROPOSED DWELLING WHICH DOES NOT FRONT ON A LEGALLY MAPPED STREET IS CONTRARY TO ARTICLE III, SECTION 36 OF THE GENERAL CITY LAW'  PROPOSED TO CONSTRUCT ONE FAMILY ATTACHED THREE STORY RESIDENCE WITH BUILT IN TWO CAR GARAGE.",1-2-3 FAMILY,Empty Lot,Residential: 1 & 2 Family,Residential,0,3,0,40377,0,1,1,0,,,,,,In progress,11/14/2016 12:00:00 AM,11/07/2016,11/07/2016,,,,,359,FOURBERIE LANE,359 FOURBERIE LANE,5166890,5030190245,Staten Island,,,,,,,,,,,,,false,,,,,,
520266863,New Building,"THIS NEW BUILDING APPLICATION IS FILED FOR BSA DENIAL PROCESSING ONLY 'PROPOSED DWELLING WHICH DOES NOT FRONT ON A LEGALLY MAPPED STREET IS CONTRARY TO ARTICLE III, SECTION 36 OF THE GENERAL CITY LAW'  PROPOSED TO CONSTRUCT ONE FAMILY ATTACHED THREE STORY RESIDENCE WITH BUILT IN TWO CAR GARAGE.",1-2-3 FAMILY,Empty Lot,Residential: 1 & 2 Family,Residential,0,3,0,40377,0,1,1,0,,,,,,In progress,11/14/2016 12:00:00 AM,11/07/2016,11/07/2016,,,,,357,FOURBERIE LANE,357 FOURBERIE LANE,5166889,5030190246,Staten Island,,,,,,,,,,,,,false,,,,,,
520266872,New Building,"THIS NEW BUILDING APPLICATION IS FILED FOR BSA DENIAL PROCESSING ONLY 'PROPOSED DWELLING WHICH DOES NOT FRONT ON A LEGALLY MAPPED STREET IS CONTRARY TO ARTICLE III, SECTION 36 OF THE GENERAL CITY LAW'  PROPOSED TO CONSTRUCT ONE FAMILY SEMI-ATTACHED THREE STORY RESIDENCE WITH BUILT IN TWO CAR GARAGE.",1-2-3 FAMILY,Empty Lot,Residential: 1 & 2 Family,Residential,0,3,0,40377,0,1,1,0,,,,,,In progress,11/14/2016 12:00:00 AM,11/07/2016,11/07/2016,,,,,355,FOURBERIE LANE,355 FOURBERIE LANE,5166888,5030190247,Staten Island,,,,,,,,,,,,,false,,,,,,
520266943,New Building,"THIS NEW BUILDING APPLICATION IS FILED FOR BSA DENIAL PROCESSING ONLY 'PROPOSED DWELLING WHICH DOES NOT FRONT ON A LEGALLY MAPPED STREET IS CONTRARY TO ARTICLE III, SECTION 36 OF THE GENERAL CITY LAW'   PROPOSED TO CONSTRUCT ONE FAMILY SEMI-ATTACHED TWO STORY RESIDENCE WITH ACCESSORY OFF STREET PARKING FOR TWO CARS.",1-2-3 FAMILY,Empty Lot,Residential: 1 & 2 Family,Residential,0,2,0,40377,0,1,1,0,,,,,,In progress,11/10/2016 12:00:00 AM,11/07/2016,11/07/2016,,,,,331,FOURBERIE LANE,331 FOURBERIE LANE,5166913,5030190258,Staten Island,,,,,,,,,,,,,false,,,,,,
520266934,New Building,"THIS NEW BUILDING APPLICATION IS FILED FOR BSA DENIAL PROCESSING ONLY 'PROPOSED DWELLING WHICH DOES NOT FRONT ON A LEGALLY MAPPED STREET IS CONTRARY TO ARTICLE III, SECTION 36 OF THE GENERAL CITY LAW'  PROPOSED TO CONSTRUCT ONE FAMILY ATTACHED THREE STORY RESIDENCE WITH BUILT IN TWO CAR GARAGE.",1-2-3 FAMILY,Empty Lot,Residential: 1 & 2 Family,Residential,0,3,0,40377,0,1,1,0,,,,,,In progress,11/10/2016 12:00:00 AM,11/07/2016,11/07/2016,,,,,333,FOURBERIE LANE,333 FOURBERIE LANE,5166899,5030190257,Staten Island,,,,,,,,,,,,,false,,,,,,
520266916,New Building,"THIS NEW BUILDING APPLICATION IS FILED FOR BSA DENIAL PROCESSING ONLY 'PROPOSED DWELLING WHICH DOES NOT FRONT ON A LEGALLY MAPPED STREET IS CONTRARY TO ARTICLE III, SECTION 36 OF THE GENERAL CITY LAW'  PROPOSED TO CONSTRUCT ONE FAMILY ATTACHED THREE STORY RESIDENCE WITH BUILT IN TWO CAR GARAGE.",1-2-3 FAMILY,Empty Lot,Residential: 1 & 2 Family,Residential,0,3,0,40377,0,1,1,0,,,,,,In progress,11/10/2016 12:00:00 AM,11/07/2016,11/07/2016,,,,,337,FOURBERIE LANE,337 FOURBERIE LANE,5166900,5030190255,Staten Island,,,,,,,,,,,,,false,,,,,,
520266881,New Building,"THIS NEW BUILDING APPLICATION IS FILED FOR BSA DENIAL PROCESSING ONLY 'PROPOSED DWELLING WHICH DOES NOT FRONT ON A LEGALLY MAPPED STREET IS CONTRARY TO ARTICLE III, SECTION 36 OF THE GENERAL CITY LAW'  PROPOSED TO CONSTRUCT ONE FAMILY SEMI-ATTACHED THREE STORY RESIDENCE WITH BUILT IN TWO CAR GARAGE.",1-2-3 FAMILY,Empty Lot,Residential: 1 & 2 Family,Residential,0,3,0,40377,0,1,1,0,,,,,,In progress,11/10/2016 12:00:00 AM,11/07/2016,11/07/2016,,,,,345,FOURBERIE LANE,345 FOURBERIE LANE,5166896,5030190252,Staten Island,,,,,,,,,,,,,false,,,,,,
520266685,New Building,"THIS NEW BUILDING APPLICATION IS FILED FOR BSA DENIAL PROCESSING ONLY 'PROPOSED DWELLING WHICH DOES NOT FRONT ON A LEGALLY MAPPED STREET IS CONTRARY TO ARTICLE III, SECTION 36 OF THE GENERAL CITY LAW'  PROPOSED TO CONSTRUCT ONE FAMILY ATTACHED THREE STORY RESIDENCE WITH BUILT IN TWO CAR GARAGE.",1-2-3 FAMILY,Empty Lot,Residential: 1 & 2 Family,Residential,0,3,0,40377,0,1,1,0,,,,,,In progress,11/14/2016 12:00:00 AM,11/09/2016,11/09/2016,,,,,397,FOURBERIE LANE,397 FOURBERIE LANE,5166871,5030190228,Staten Island,,,,,,,,,,,,,false,,,,,,
520266694,New Building,"THIS NEW BUILDING APPLICATION IS FILED FOR BSA DENIAL PROCESSING ONLY 'PROPOSED DWELLING WHICH DOES NOT FRONT ON A LEGALLY MAPPED STREET IS CONTRARY TO ARTICLE III, SECTION 36 OF THE GENERAL CITY LAW'  PROPOSED TO CONSTRUCT ONE FAMILY ATTACHED THREE STORY RESIDENCE WITH BUILT IN TWO CAR GARAGE.",1-2-3 FAMILY,Empty Lot,Residential: 1 & 2 Family,Residential,0,3,0,40377,0,1,1,0,,,,,,In progress,11/14/2016 12:00:00 AM,11/09/2016,11/09/2016,,,,,395,FOURBERIE LANE,395 FOURBERIE LANE,5166870,5030190229,Staten Island,,,,,,,,,,,,,false,,,,,,
520266701,New Building,"THIS NEW BUILDING APPLICATION IS FILED FOR BSA DENIAL PROCESSING ONLY 'PROPOSED DWELLING WHICH DOES NOT FRONT ON A LEGALLY MAPPED STREET IS CONTRARY TO ARTICLE III, SECTION 36 OF THE GENERAL CITY LAW'  PROPOSED TO CONSTRUCT ONE FAMILY ATTACHED THREE STORY RESIDENCE WITH BUILT IN TWO CAR GARAGE.",1-2-3 FAMILY,Empty Lot,Residential: 1 & 2 Family,Residential,0,3,0,40377,0,1,1,0,,,,,,In progress,11/14/2016 12:00:00 AM,11/09/2016,11/09/2016,,,,,393,FOURBERIE LANE,393 FOURBERIE LANE,5166881,5030190230,Staten Island,,,,,,,,,,,,,false,,,,,,
520266729,New Building,"THIS NEW BUILDING APPLICATION IS FILED FOR BSA DENIAL PROCESSING ONLY 'PROPOSED DWELLING WHICH DOES NOT FRONT ON A LEGALLY MAPPED STREET IS CONTRARY TO ARTICLE III, SECTION 36 OF THE GENERAL CITY LAW'  PROPOSED TO CONSTRUCT ONE FAMILY ATTACHED THREE STORY RESIDENCE WITH BUILT IN TWO CAR GARAGE.",1-2-3 FAMILY,Empty Lot,Residential: 1 & 2 Family,Residential,0,3,0,40377,0,1,1,0,,,,,,In progress,11/14/2016 12:00:00 AM,11/09/2016,11/09/2016,,,,,389,FOURBERIE LANE,389 FOURBERIE LANE,5166879,5030190232,Staten Island,,,,,,,,,,,,,false,,,,,,
520266738,New Building,"THIS NEW BUILDING APPLICATION IS FILED FOR BSA DENIAL PROCESSING ONLY 'PROPOSED DWELLING WHICH DOES NOT FRONT ON A LEGALLY MAPPED STREET IS CONTRARY TO ARTICLE III, SECTION 36 OF THE GENERAL CITY LAW'   PROPOSED TO CONSTRUCT ONE FAMILY SEMI-ATTACHED TWO STORY RESIDENCE WITH ACCESSORY OFF STREET PARKING FOR TWO CARS.",1-2-3 FAMILY,Empty Lot,Residential: 1 & 2 Family,Residential,0,2,0,40377,0,1,1,0,,,,,,In progress,11/14/2016 12:00:00 AM,11/09/2016,11/09/2016,,,,,387,FOURBERIE LANE,387 FOURBERIE LANE,5166878,5030190233,Staten Island,,,,,,,,,,,,,false,,,,,,
520266747,New Building,"THIS NEW BUILDING APPLICATION IS FILED FOR BSA DENIAL PROCESSING ONLY 'PROPOSED DWELLING WHICH DOES NOT FRONT ON A LEGALLY MAPPED STREET IS CONTRARY TO ARTICLE III, SECTION 36 OF THE GENERAL CITY LAW'   PROPOSED TO CONSTRUCT ONE FAMILY SEMI-ATTACHED TWO STORY RESIDENCE WITH ACCESSORY OFF STREET PARKING FOR TWO CARS.",1-2-3 FAMILY,Empty Lot,Residential: 1 & 2 Family,Residential,0,2,0,40377,0,1,1,0,,,,,,In progress,11/14/2016 12:00:00 AM,11/09/2016,11/09/2016,,,,,383,FOURBERIE LANE,383 FOURBERIE LANE,5166877,5030190234,Staten Island,,,,,,,,,,,,,false,,,,,,
520266756,New Building,"THIS NEW BUILDING APPLICATION IS FILED FOR BSA DENIAL PROCESSING ONLY 'PROPOSED DWELLING WHICH DOES NOT FRONT ON A LEGALLY MAPPED STREET IS CONTRARY TO ARTICLE III, SECTION 36 OF THE GENERAL CITY LAW'  PROPOSED TO CONSTRUCT ONE FAMILY ATTACHED THREE STORY RESIDENCE WITH BUILT IN TWO CAR GARAGE.",1-2-3 FAMILY,Empty Lot,Residential: 1 & 2 Family,Residential,0,3,0,40377,0,1,1,0,,,,,,In progress,11/14/2016 12:00:00 AM,11/09/2016,11/09/2016,,,,,381,FOURBERIE LANE,381 FOURBERIE LANE,5166876,5030190235,Staten Island,,,,,,,,,,,,,false,,,,,,
520266765,New Building,"THIS NEW BUILDING APPLICATION IS FILED FOR BSA DENIAL PROCESSING ONLY 'PROPOSED DWELLING WHICH DOES NOT FRONT ON A LEGALLY MAPPED STREET IS CONTRARY TO ARTICLE III, SECTION 36 OF THE GENERAL CITY LAW'  PROPOSED TO CONSTRUCT ONE FAMILY ATTACHED THREE STORY RESIDENCE WITH BUILT IN TWO CAR GARAGE.",1-2-3 FAMILY,Empty Lot,Residential: 1 & 2 Family,Residential,0,3,0,40377,0,1,1,0,,,,,,In progress,11/14/2016 12:00:00 AM,11/09/2016,11/09/2016,,,,,379,FOURBERIE LANE,379 FOURBERIE LANE,5166887,5030190236,Staten Island,,,,,,,,,,,,,false,,,,,,
520266783,New Building,"THIS NEW BUILDING APPLICATION IS FILED FOR BSA DENIAL PROCESSING ONLY 'PROPOSED DWELLING WHICH DOES NOT FRONT ON A LEGALLY MAPPED STREET IS CONTRARY TO ARTICLE III, SECTION 36 OF THE GENERAL CITY LAW'  PROPOSED TO CONSTRUCT ONE FAMILY ATTACHED THREE STORY RESIDENCE WITH BUILT IN TWO CAR GARAGE.",1-2-3 FAMILY,Empty Lot,Residential: 1 & 2 Family,Residential,0,3,0,40377,0,1,1,0,,,,,,In progress,11/14/2016 12:00:00 AM,11/09/2016,11/09/2016,,,,,375,FOURBERIE LANE,375 FOURBERIE LANE,5166885,5030190238,Staten Island,,,,,,,,,,,,,false,,,,,,
520266505,New Building,"THIS NEW BUILDING APPLICATION IS FILED FOR BSA DENIAL PROCESSING ONLY 'PROPOSED DWELLING WHICH DOES NOT FRONT ON A LEGALLY MAPPED STREET IS CONTRARY TO ARTICLE III, SECTION 36 OF THE GENERAL CITY LAW'   PROPOSED TO CONSTRUCT ONE FAMILY SEMI-ATTACHED TWO STORY RESIDENCE WITH ACCESSORY OFF STREET PARKING FOR TWO CARS.",1-2-3 FAMILY,Empty Lot,Residential: 1 & 2 Family,Residential,0,2,0,40377,0,1,1,0,,,,,,In progress,11/16/2016 12:00:00 AM,11/10/2016,11/10/2016,,,,,455,FOURBERIE LANE,455 FOURBERIE LANE,5166812,5030190210,Staten Island,,,,,,,,,,,,,false,,,,,,
520266514,New Building,"THIS NEW BUILDING APPLICATION IS FILED FOR BSA DENIAL PROCESSING ONLY 'PROPOSED DWELLING WHICH DOES NOT FRONT ON A LEGALLY MAPPED STREET IS CONTRARY TO ARTICLE III, SECTION 36 OF THE GENERAL CITY LAW'  PROPOSED TO CONSTRUCT ONE FAMILY ATTACHED THREE STORY RESIDENCE WITH BUILT IN TWO CAR GARAGE.",1-2-3 FAMILY,Empty Lot,Residential: 1 & 2 Family,Residential,0,3,0,40377,0,1,1,0,,,,,,In progress,11/16/2016 12:00:00 AM,11/10/2016,11/10/2016,,,,,453,FOURBERIE LANE,453 FOURBERIE LANE,5166811,5030190211,Staten Island,,,,,,,,,,,,,false,,,,,,
520266471,New Building,"THIS NEW BUILDING APPLICATION IS FILED FOR BSA DENIAL PROCESSING ONLY 'PROPOSED DWELLING WHICH DOES NOT FRONT ON A LEGALLY MAPPED STREET IS CONTRARY TO ARTICLE III, SECTION 36 OF THE GENERAL CITY LAW'   PROPOSED TO CONSTRUCT ONE FAMILY SEMI-ATTACHED TWO STORY RESIDENCE WITH ACCESSORY OFF STREET PARKING FOR TWO CARS.",1-2-3 FAMILY,Empty Lot,Residential: 1 & 2 Family,Residential,0,2,0,40377,0,1,1,0,,,,,,In progress,11/16/2016 12:00:00 AM,11/10/2016,11/10/2016,,,,,465,FOURBERIE LANE,465 FOURBERIE LANE,5166815,5030190207,Staten Island,,,,,,,,,,,,,false,,,,,,
